Tama√±o_casa_m2,Num_habitaciones,Edad_casa,Distancia_centro_km,Calidad_zona,Precio_casa
174.83570765056163,7,31.247986445931915,14.5837245952961,6.302931529130699,627653.8157824954
143.08678494144075,4,12.006059238385644,6.536342677556579,5.088505571108403,634927.0292085549
182.38442690503462,1,22.945247424538557,11.651454315665704,5.064090279450176,609859.1958718996
226.15149282040127,3,2.8250426585924053,-2.4428113089574204,9.43235077358025,868896.4511062583
138.2923312638332,5,14.59846611625749,14.887840160807729,9.856283628512172,714311.269629099
138.29315215254098,3,23.140529675998593,6.235776153071379,8.168359503966226,617825.6558471513
228.96064077536957,3,13.978946472187413,3.119788681053228,7.810822812222355,874300.7261157827
188.37173645764545,6,22.733667459719246,8.301991827558163,7.125023456011913,695257.8238518501
126.5262807032524,1,19.86615384346961,7.018023910322575,2.4946736710016233,459152.40565323207
177.12800217929822,6,25.36416732395043,15.371338064549331,1.5319523878808907,731109.8938127005
126.82911535937689,1,15.758009779718892,7.898024388191864,7.216536836019368,559117.4245202977
126.71351232148716,7,10.598510855632867,16.81308513306684,7.559076000309184,595607.5986578567
162.0981135783017,7,34.781268261732606,11.650713078945365,1.4227569198832581,585937.4152075908
54.33598776711011,1,15.043032573100554,14.471839436061874,9.352465752059633,314422.2362434528
63.75410837434836,2,26.600105931171182,9.989167733860569,1.8202657550020978,202501.29917705318
121.88562353795136,4,34.35247026472536,16.360294911699416,3.5731048039408213,417880.0149809479
99.35844398327882,2,21.62669998997532,4.23188004858662,7.05150831518834,413196.8304163918
165.7123666297637,4,11.436934305568506,10.568122287471635,2.528853349640287,548521.2730093043
104.59879622393944,6,18.213900254526557,8.017820852842926,1.4987429959801999,364782.2075724487
79.38481493323543,4,30.17540916606753,16.98314239753656,3.980318402477348,304964.1692282082
223.28243844607772,6,22.06247545737863,17.49517202329713,7.893744173696612,836814.3014695253
138.7111849756732,7,7.948582077957232,10.002106296185593,4.723108110867344,573768.8595115945
153.3764102343962,3,25.966438335337124,3.542444494520974,6.876756297171454,613307.1216475599
78.76259068932715,7,27.695314690509985,12.135486583958338,6.21657187505323,406936.44502343866
122.78086377374086,7,16.446881138820665,1.6769513248311672,1.1999663382302237,527717.9286963942
155.5461294854933,3,26.102443756047457,18.130713993915556,9.89685988341136,658165.0051916357
92.45032112888487,4,22.45018595460467,7.634149646819807,1.3728527993744897,432676.25156665145
168.7849009172836,4,18.02570461357961,9.847149182912524,9.710224638836365,734410.0964385502
119.96806550405975,6,7.064642564063364,6.59524462096623,5.9487776052795835,503091.5808601481
135.41531251033615,2,30.779538951057575,5.491092066495897,9.668431243585598,663467.3167797977
119.91466938853016,6,27.592109999198332,13.68645658273526,2.032782394724519,422097.5528009689
242.6139092254469,2,25.838862943753128,9.206916614743392,5.413676672669618,709701.2471490349
149.3251387631033,7,35.44526003678094,10.212412694615876,2.5255368267945277,535244.7466731269
97.11445355220499,3,29.451937270135936,4.980544603905804,1.4587738932019816,315863.2610825301
191.12724560515946,7,26.865660061515626,14.2802961174852,6.557762035560804,820011.0726341257
88.95781750144889,1,-2.13227348026831,14.788948675684335,2.870050788655223,268278.84775404044
160.44317975023776,4,31.968949518024157,8.955357565602114,6.289273164587914,601064.7505311427
52.016493806011226,2,20.830805142820505,16.339610666659436,2.0112803375408705,244732.23840047463
83.59069755507848,6,23.124916802571388,9.479379228877388,3.987878242894325,384468.5569147292
159.84306179345617,3,23.19333189693386,13.898777481444105,8.034693022479225,629205.3724106632
186.92332899977052,2,27.738327436422793,1.885362095849512,4.933463696579689,624917.7707452681
158.56841405949854,6,31.22175028801685,11.767154332432062,6.649708734076027,653025.0965611113
144.21758588058796,4,26.34241143059222,8.642592661965326,6.827121466709913,581595.0351068046
134.94481522053556,7,24.752855893198916,10.777612129774981,8.593795395885643,579776.0441776977
76.07390048162863,4,22.315127392955716,10.55341202827913,3.9243051496597716,283927.7956327915
114.00778958026457,5,-13.516105169046781,10.62849911088492,7.185660063242658,485828.2682015888
126.96806145201063,1,17.124089805498116,13.078503646812766,9.654542263415491,506187.4485631796
202.85611131094578,5,10.584104826493544,7.174131841970106,7.5721900092208125,840660.5719396684
167.18091447842306,3,32.10739538939085,12.845396297678215,5.4088342904597,644367.3050342724
61.8479922318633,2,26.190371982862935,16.162624415589534,6.676457000427363,348517.716908611
166.20419846973977,3,15.418630127862658,2.9492949750983835,7.657146079867974,669847.236918426
130.74588597918418,7,16.422828177307558,6.097299508853372,6.510481891244852,562958.4930205079
116.15389998470206,6,16.06018636697579,6.307322872494069,1.1500823214085525,402753.1633954814
180.5838144420434,4,15.881738456810803,4.539771002745203,2.7529614791850325,673115.225822613
201.54997612479755,5,5.554425564752028,7.6265111518147055,8.294213954939195,715309.836863287
196.56400595580993,5,3.3872050672223217,15.165592576999202,3.453855825812362,658602.8378166959
108.03912383886808,7,20.29046772381744,17.237934622562143,7.584059076050205,465429.1358666355
134.53938120743928,5,30.753141393593545,10.53087484873251,4.3490819371752885,577421.2767253484
166.5631715701782,7,14.623103025721372,8.378819945758998,5.696958953421489,639876.0361751092
198.77725635611796,3,23.03444750924045,14.0146198454033,1.6117596983746334,544228.3677411327
126.04128810773551,4,27.34260917176725,-1.8198424712609,2.6310300494473857,470974.10654550145
140.71705116680914,2,10.066217944161433,4.724107639484209,9.61477267167311,603821.626757887
94.68325129969858,6,19.80024571280097,-1.608152033499577,9.011242481022226,488940.268329141
90.18966879596647,2,13.334795187264849,4.67150141322279,6.870475998091452,381302.27879997046
190.6262911197099,3,36.061194918312935,6.164912365489998,5.136801376471636,642362.6959231306
217.81200142854115,6,35.62459506862115,17.38840938968839,7.0818516360570145,846606.1411307527
146.3994939209833,5,10.076571601251494,-3.8053098307799473,6.567492601845451,632407.3810732953
200.17664489460122,1,23.85884383084326,7.91648699882833,6.116970300441508,699166.9004974433
168.0818012523817,3,30.675993008124905,13.097832360890536,1.5325936467718764,475000.5878048676
117.74401226974379,3,28.483295003763303,12.053653316345466,6.695223495953562,476369.7130825068
168.0697802754207,4,20.815630349843655,17.30869066767447,7.9202804011405155,679275.49055264
226.90182832329845,2,33.06557461764348,10.805257392982943,9.94673489181018,881832.2318207774
148.20869804450243,3,10.954853110105672,11.871390902405725,1.0997069733487872,481379.9398414101
228.2321827907003,3,16.969070556053076,0.8074658409872484,7.57156107979609,810302.4025871388
19.012744795512788,5,11.22357580240425,5.058655709115955,6.146103843423824,96601.71016053781
191.09512521876118,5,27.824934947006216,1.0864762827598824,4.90646958472861,795853.5234558096
154.35235341190855,6,14.173631257005486,12.863040539570498,2.148131571142338,474156.4715152874
135.04963247670662,7,18.287508245629144,11.74345225878623,4.681766337713886,443777.3937400568
154.58803882677512,7,26.17670368265749,11.567689836417577,4.1893946468752175,593637.9034720793
50.621554269955354,1,26.98249913777816,5.592831957709628,3.7254690008086797,129067.62015905009
139.01640560812442,7,10.928736537447493,5.135251103416673,7.577916609899869,585200.3666697775
167.85562857558733,4,30.566552837727922,11.047234661482086,7.306529691558374,685285.8724372839
223.89470223707582,1,24.556896686672513,6.653069736144326,6.301180818828204,874084.033563941
124.08648908631763,6,9.182971604195986,4.897977180838816,9.44798331964035,628656.2724920225
109.57531985534061,5,6.7228410424338705,7.458053143709659,4.14868945762769,425193.28493795014
124.91214782077317,7,19.841802897379324,6.696289819823458,3.194217439391616,486084.47835138487
195.7701058851037,2,28.500939893168088,5.666385126857733,6.9031298178855955,632193.5685174073
166.43755548298424,5,28.757158624009804,3.8711609162119895,2.7893265484366268,562376.2712731048
123.51198981164806,4,23.561668772248424,12.243448841694534,3.8350945646508214,434602.7728829474
175.66337165566782,5,20.48674838326826,17.780247197385286,3.0214219606739636,608171.2422996297
154.85387746740201,4,25.117376690790053,9.804978996906732,1.622382109466511,606852.5983854696
198.43224952664445,4,11.446694856107415,11.112170684849639,8.447488674721061,685015.1541824145
114.89734530613238,4,36.869878630253915,12.681889263008518,3.2908648862949503,392667.679855932
133.61689267011158,6,36.739384181225205,11.83282878596561,5.257247530087186,438201.2161429252
130.3945923433921,4,24.288123146206978,5.765438358415104,1.3898374592888074,413020.10244270094
76.82425259339408,4,21.97300419992852,18.599231055512924,7.294055196273788,334238.4059665246
164.8060138532288,2,15.885790273406297,6.213447431610195,3.975049020756617,501938.64031563024
163.05276360899447,1,25.28748845799661,13.240441823302046,7.70263055046289,666361.0963987788
150.25567283212305,3,13.086826289832231,12.650956536714558,4.7116275442107955,562262.1066231186
138.27064333124267,1,-2.2361203099553073,0.20779228932681093,2.7618004576506214,520647.09235043015
79.23146289747929,4,-7.141073004910865,8.205767915435404,5.618575740538323,354745.09689913195
128.96773386173206,2,12.005016668365133,10.28314225906085,2.174541036736958,425430.9768081574
132.86427417366153,5,21.563781229182776,10.66575605712143,4.964852438856953,600841.3786586658
109.88613653891906,2,23.319717339534826,11.507102577583835,3.8557492967843787,397716.87326084595
141.93571441669954,4,15.132429914907151,13.788314364699879,9.207636257796699,662109.0093595013
170.20254284072692,2,21.418351671429033,9.962423178646109,1.5483584954864795,505049.1726923902
244.3092950605265,7,17.25771642945469,11.773087840089719,7.2461567269516785,957363.3969139641
158.72889064159196,2,10.006872423498626,9.775227066138084,2.644760493886923,501969.63700129284
162.8775195361382,4,19.462554910308747,4.913331716226132,3.8714056689901586,494138.27815574047
146.27770421169163,6,28.129571123656493,10.16200720684837,4.739626567558593,563938.7032180938
54.06143923504793,7,10.459382522536778,13.745449221265348,9.172135804374768,366264.0115692747
148.67430622753915,2,10.46395386980302,15.543941912376825,3.1832043946644264,419900.0488025761
153.01151049705132,3,9.307494060478419,12.68657828772102,1.821779222902032,511361.1440710325
273.1621056242643,3,0.6348126549188429,16.671751629746495,3.868206435914712,856849.0875713419
140.38195176094388,2,15.197976258529813,12.094323737044903,1.9420837348198001,608879.1201675294
165.07736711668062,6,27.14086112952531,14.319399108344186,2.1573683736449727,490107.8279249789
148.26441151473784,5,21.739160838337625,14.68695574639893,6.1646553817752405,524540.0810184442
91.5660981190234,4,18.307491159436935,8.883247295581322,1.54811739789544,366659.5811242781
207.14114072575103,3,21.29064798240169,13.630017162838342,1.2783779325420943,639249.5370606321
187.5966516343387,5,15.11018512570842,5.296775511795429,7.42972691323448,788344.3528002694
189.55159735215233,2,0.5211336273652769,11.749061712744318,4.2548238535694,674886.662439941
104.53062726026306,5,27.837187818145658,12.885129133342264,2.1283781431048596,343797.80063724105
220.13971554680495,7,30.71124573784651,15.25547560349665,3.282514937737374,688875.9894670125
79.90744686038596,1,12.71843223932213,14.103796519906531,6.778778566171591,411337.1550414705
179.34285469001352,3,18.491643793934443,15.320570916673567,3.479829104267661,540975.9586039513
259.5227812904989,2,17.630008289398397,9.503098349367885,5.450690126083671,912457.7927826272
100.47318374346558,4,23.512888094245415,8.273034226649763,2.0952577605400506,405108.64891694277
121.6851135198614,6,36.898934566262895,8.625506210571919,6.292842738449023,513178.5785280773
154.98256825438207,7,31.597912452893056,11.331418652243151,3.8446991545893767,563838.2268657323
124.82621729419004,2,16.23085774586104,0.9562649217887387,6.642715910758449,468596.8386090744
72.46682844669337,4,25.42463861500237,16.65878485197277,8.275553940736206,408348.20340455894
153.42814874030137,6,32.543568685727124,10.219366799144874,6.504817774509932,466483.52561544126
96.88481431369476,6,24.083451643947782,7.924992088324403,3.661728063355186,435746.10720656806
173.67962153175907,2,19.953005955598275,-2.6485810530273035,3.3016933139347033,607042.916524499
104.02878828830984,7,24.460000946671858,9.815932469108587,3.9467886286010323,422927.4532739673
227.496720250877,5,12.967284774365268,9.007617424621222,2.481584619128544,774241.8983442797
110.83733538318815,5,14.42718875895919,5.514767846773725,2.630546657650181,350959.3735563215
133.89692418971623,6,9.359657647989026,6.634765774364939,8.11621991710151,488733.55902184284
190.67586086848348,5,23.07064516570243,9.866816777774183,4.462593188567005,708372.6521249762
88.45678417830223,1,18.68597093977762,7.058817702061585,4.923956625135272,419745.58162386547
161.37299673020647,6,11.768819386519203,12.85939033089178,6.3464451901013,558904.3002062112
215.3571377141214,6,18.358205883794948,6.256082056779919,6.306881456363929,761021.8123927547
69.62583827193862,4,24.6999826076317,10.77304214760389,1.6063918436973315,290112.04181591264
159.2316929266152,5,39.14712305997992,15.900226844055851,8.48386707703899,671893.0065218944
162.99413971242117,7,30.12067864703858,9.817020687187243,2.595938979015455,729270.7511786078
189.09114358886552,6,-2.8414785748234017,11.779885619798728,7.50764472444702,814960.1095545454
88.1524644560959,7,22.393084668203457,11.463256937002992,7.954038893153499,506917.9670864039
83.97716934578618,1,34.29324262712855,10.03998449808633,7.434095806821823,340217.3911133571
176.09707828084487,4,6.621265087897674,9.664964290282448,6.210798818987307,700939.4220624424
164.8492336616593,2,25.515592702124238,7.143128892750441,1.1314809739799458,588475.5138981575
162.52464251729384,7,17.63357814468954,10.755061452789096,4.2433794312685365,609272.5966720786
167.3224104748488,6,31.50290530916161,8.583662455802664,6.4435548642632305,656350.6536846696
115.99876392107547,1,24.042571950134523,17.730450841173536,4.487061663302848,416188.2391228024
161.6126848580502,3,11.159845454407936,14.055716295549557,8.771319054215319,630376.0044143168
164.65362366493406,1,17.991485217093803,2.73602052055827,3.779220478146538,579893.6828745144
114.2824290986816,1,18.583043239523768,3.014210008909613,3.641813132127944,424069.32021926146
243.28872555723783,4,18.768217851899507,9.347700654803175,3.3939792378339217,888339.4221792702
173.69164604558938,2,31.19262944775263,8.023472612801267,3.9950278206471594,583874.3487810979
90.43482513986757,3,11.5738007860977,9.084030408890374,6.016644678827685,435960.8502929474
182.82768043169148,5,30.030513096611838,13.255807303261566,7.363137648453317,702868.5626613399
101.26591648863393,5,16.9775032407848,11.578679494386785,6.963111259649066,499191.1758860228
189.3542301871226,7,22.235111063291647,11.528146152290772,8.269460379833315,762539.2006083573
207.9297789503702,1,20.723775862810342,17.230973327476967,8.973225959476824,805719.1574652867
108.96588408241448,4,19.781946619181653,3.0555422291346037,8.34471138109016,555729.3846701763
198.16880646221608,4,19.863971655546777,10.519694170744495,1.1705086303691912,578872.2582572516
170.63904634682493,5,34.57358558271021,7.10473726026373,7.623261581967899,741557.2430316121
191.1030079997245,7,28.424499249061448,17.17717892919676,2.8755961625649844,652519.0598847463
244.8396491326974,7,16.3728431042007,-1.0467580291167184,2.1963523843718438,818339.8758457963
137.73059419985648,7,35.82787254122091,-0.8274079285650071,6.74639906319222,565946.5339021499
112.31319178212553,3,22.746810739928527,11.523181481740254,3.877688758669254,430745.1868320991
105.52427851872383,2,23.576242593238945,15.631482796620734,1.5140544703339893,331387.4950261246
109.2094857517281,3,11.626809206686085,13.86627160658525,2.238667609585252,394329.3567107527
146.1449145292948,6,15.0250134159486,5.995096033411458,1.0083647518296495,521607.9270823099
167.0575987408322,6,13.114964920728244,17.5321086100079,9.129012646102366,741326.6360366767
163.83453996650096,2,20.86072864993675,3.842656257028958,1.2215618545711473,658554.714088067
191.35916245180118,5,26.387830794482092,16.537420947716726,2.8851019255855994,645764.066914892
150.65009459389535,2,23.672322994222135,4.503858748209282,4.746365026191166,511556.96535745566
222.67670385786585,4,35.880441560695814,8.240879138313892,4.209141933557372,660920.7441400146
136.7671583381022,6,11.122419947887648,13.196347689284586,9.20553289221498,569290.5614412061
286.00845832948096,1,21.148690435388822,2.668960845519175,1.362600511610879,942467.0312723329
181.28336738825033,1,7.170606707017054,17.345116987703836,5.609932369093464,672441.9960502114
107.14212217918588,5,10.781290283967378,8.210280842993429,7.124315162719366,428707.3010597214
96.45537509694438,4,32.645783773384636,10.686380678391446,9.38528176313052,607929.9196991251
174.12362076215928,3,15.368351335285343,15.811003945203762,6.58334126911349,668975.2299663748
138.82686073370746,4,11.966362039397291,6.034373274164251,8.233797124105864,629137.6197463117
185.7000247046046,1,-1.2997687558294722,15.304068431276946,1.7535244406081356,692075.6036537797
173.66188122867723,1,11.866453522110824,18.20266785446185,4.473455598432347,674190.3131533411
146.35855436715636,6,17.94719725805021,6.722105013352104,4.365524210311607,606386.264950256
107.66031409657975,4,6.4259704021378905,16.846938362981472,8.97659394810146,555490.1255475401
74.25763876570677,4,17.372166110175314,1.1971070287919847,2.3623405413694742,345677.2383347774
127.67425239664894,1,32.706310606582235,11.948001973972834,2.3669755510296726,394038.7533606891
192.81993971617362,3,12.926946596716673,3.857007421480957,3.957023348972186,689690.9465745946
160.7046872065102,5,10.566169506300643,14.712842742680944,1.4901944263015383,563281.6259821252
87.71306106440059,7,8.760985331349069,14.302280242111017,2.6421223658724102,353808.58776288835
158.6590462925591,5,8.582359074842,20.38689997795622,9.686886746911616,636572.3688257767
169.26586898644183,4,25.35577446888429,17.106414914762496,4.853655458804555,593226.6864633973
105.80712818994334,5,20.486687368830506,9.171144011992725,6.688172875801928,427788.1519881682
157.6862552972764,1,29.56856879275574,4.591262563505798,7.535001334101732,615306.2428758388
152.9104359223,1,40.19837891654255,12.82843539834695,4.302652663064804,426419.66087207873
92.85148510846884,4,1.6960886809085203,9.696342948072534,2.3250436696946526,366714.69548211386
167.88936801741417,4,23.80078708441773,17.75577522297852,2.8592291459960273,480754.90581707825
178.03922631841172,7,8.813806655664402,-0.8319042170788915,3.819398289225493,657172.944737881
204.15256215876386,7,27.888992980334507,20.940283796443136,6.724615783170031,796800.1336789025
202.69010260174514,6,17.280879989265635,12.659953038059019,4.58452494180149,771687.7726651703
81.11653160214544,4,20.273227608641733,5.934939391398138,1.0613322811011532,319155.1779812164
103.10874800424386,3,7.168225720701919,13.66994613709283,5.710664665607247,445437.20098258037
175.751763360433,5,15.735729748868327,16.48710710644852,9.29362052716676,674565.5093281525
175.68929754561043,4,20.896622511082597,10.571734456518444,8.308698499078112,755966.3674214125
175.7523843153024,2,33.560781468067084,1.1753980792757854,8.42690234133668,642431.643694438
342.63657453273606,6,12.054394725914456,8.53076481826447,8.155522158455181,1286925.6131996743
178.54452553465836,2,14.49308428469687,15.19697526521069,3.913577430493813,635248.3580477721
206.77828200902994,1,29.442896421822816,12.483323671136873,7.886744503789528,822568.3781222407
197.70008817466012,7,11.406597163006893,9.217464845823136,2.288452220300737,690583.2372805717
182.5695625652899,5,31.423851439741256,16.541579154457178,6.919445325483582,654635.0943934339
134.23653776798272,4,19.90913425273744,13.696529204161482,6.77411710016495,483059.9681666737
187.94846102466337,2,23.031229615918434,14.081695779691719,1.2301281918076121,516730.8217039993
111.35873927312142,5,23.675223025093704,7.946826540095993,8.091731202318385,440314.2531126904
138.15906966299957,1,13.837794465933921,7.463081591269507,9.129232945856176,636048.4941330793
125.73182260854483,7,23.898868194723953,1.5002013965848935,3.406737506248969,554501.3294099945
154.09370696931612,3,12.276302156856998,8.703041220313718,8.311516517675358,667003.7346153989
265.73292833367543,6,14.978969959011202,14.67696026899064,1.741653746757534,860874.8889495215
56.636740370412596,5,25.586909660332754,8.979533514922066,6.399710724349594,424689.6523188058
184.31300951872566,5,22.93393955641903,12.227694232645026,5.370821788008494,675639.5290409694
69.36420644051742,3,19.250350491609524,15.555996783266401,5.913311799781,334445.5253036625
126.40340671052833,5,7.412683507369893,11.864164958993161,9.335846816959105,592031.9916121364
204.4475298483683,1,9.9084171065037,12.35257380880401,8.841837225221681,759780.8614599083
153.21400095477313,1,22.767090439049845,3.2108876898122283,8.065752915157812,646305.9089047873
96.1127611035347,3,27.32140563485116,8.387176079490114,3.463286119105339,329687.70429582393
114.2348145370016,6,8.903544954792428,18.633132532482975,9.206367658174825,519401.4341726486
183.97988744673378,4,11.601747525478324,10.518985905480466,1.8775692321748774,641985.1636332067
113.48166841414317,2,21.341851741777194,19.483690909982876,8.67996294902909,469267.3836590314
160.82292947909875,4,21.127878626290933,6.384421846805264,3.9534406511824702,588071.1307813512
152.27859199519068,5,3.760427912389588,11.169737260672699,1.4839508049578503,500813.5662493488
117.41998261970915,2,21.61563013439989,8.08660781224066,7.0242128581667345,489228.91332556884
257.19720446626627,3,14.016321897697813,12.959923425622765,3.081519354843599,803109.4984850566
181.69595111590056,3,36.41046629728958,14.475043340300605,3.192140132781687,566983.4202067851
48.74287066711965,6,22.49198542735656,13.012330478504502,3.7544244960589435,209566.00740058857
159.32271573847137,2,24.21473449875903,15.209260718740143,1.5731629075226505,536676.6525314499
116.9106767615806,1,24.473593021906108,9.934135057388366,2.594144297784286,394071.1588559584
192.6216667398112,2,7.860726193474356,9.047358161681611,1.0462566482700426,647216.274035258
110.37396307836497,5,39.43876893108603,1.209034963620141,5.008685689952081,511031.9943503614
144.26317792665506,1,3.7708875254882663,13.192254675822824,1.7582983967617416,433285.95958193793
175.24936394902286,7,27.957031416997424,10.860920461200786,7.143873445397791,752434.9135741527
193.2877597085061,7,26.186639374806493,9.660426312187335,3.1206056607248356,683985.3970876592
89.9851796472112,7,15.2299762008704,9.045912972728274,9.492167296316595,500681.3520344753
133.27493820795257,3,26.66450316713389,9.81560219328105,8.841264646587874,641212.8075151654
126.25273444195219,2,16.82426801176262,8.818819342510414,3.6049680547138743,476905.6245412586
117.3335383713144,7,13.245385551442219,7.359830807183476,8.048939091910109,547695.7452124627
238.27271201405483,4,24.695591693529273,11.197944403620843,8.229204141983256,914697.1722059662
170.2490855480478,6,9.93439008912098,12.420795594664764,9.879068027029694,681444.5961397002
86.95580228324775,4,17.757448412424303,6.147160428069096,6.380559881611164,422744.78869063157
195.8930973527388,7,14.058232512700425,7.996322154063046,1.7376916117929597,598429.9472637217
256.10780985063167,6,16.64020490427055,8.976891243675658,6.821535060337428,893748.7101475857
201.62326302755736,5,24.327285991301842,10.024066536883925,6.624817735384317,789398.3859028376
74.03150170229932,4,14.056336276537937,9.359072652071164,6.745155196783886,242418.53205485945
125.78829635668743,2,18.076760869276356,13.29860599828197,3.7643108329379036,533790.4092504969
213.34555745933113,2,14.968547480984185,1.7381649214809531,8.737116265722996,866412.1126049699
114.61652671906097,4,34.43996665574546,2.624814008299415,9.635249646598707,463470.71262434835
172.19097140731142,7,23.4261239821389,10.96784699626789,2.959412616803364,737521.2644071918
188.73170267146685,2,22.200696329667196,6.986570760861056,1.7933694232298,734187.4867971723
103.65347642109586,5,26.83418504623424,14.421211528869055,2.7508152985163568,371903.242467707
147.02373219691,1,14.058654232251135,15.849004762942752,8.38496925330147,541643.2941612076
-12.063367003453635,7,28.592572249998405,11.168735882114552,7.089801713378628,228871.7220191838
98.7806179332855,5,23.461777458327415,4.640125418629104,6.7244260810521395,444949.7916917789
137.371592430342,6,4.391090972459345,15.272967581135296,4.6161382159848205,547384.5201434324
87.61084090175753,5,5.719691668992352,10.994513310751637,6.200451743602922,478354.42847284576
231.62056519658177,7,14.277029472159342,2.565320137364412,3.7708671274693066,821616.9700073452
78.49293110196837,6,6.789935041348299,3.007401759674079,5.294800714761651,381416.02492511936
127.99777566515081,7,17.61721539300417,17.584733948543224,8.137567255335902,517939.21462259267
156.53702886430457,2,9.86262008584136,16.75567956630615,9.83117437709916,624642.5899556163
222.06366445330576,1,19.02276946929081,-2.5857157104812245,9.392400312308217,845367.6961243547
78.20689244102803,7,34.11709375931456,3.2110455237106166,9.404793485616239,408913.2724184523
208.15818760774798,7,19.50623096443815,15.704277478108276,4.620013613624011,696168.5124858738
150.51165305097936,2,16.970355450980712,9.907537058034759,5.219108924561119,554250.7201638175
100.92456744760246,3,23.882426477853443,13.509246427460464,7.3507185673208335,355097.7835255086
173.10517371316354,2,13.035802070773965,9.690236269509516,9.299727352461558,660298.661968004
159.9529847786735,6,28.434143093959996,13.272462450356018,2.277948334168762,648521.8554767328
119.98915614206027,2,24.95212953124112,10.029167733327169,3.738176774444762,409937.75519246113
153.49010424950094,2,20.388655620485636,7.811958716215169,2.2532216013469855,480086.30848068435
130.734320156912,1,21.543158316335862,15.293719149574047,6.508076769635098,481155.04625516693
155.6758672625624,2,40.417459105628524,11.010273080128231,3.756708971987838,508730.0229817207
183.10653372605233,7,29.423122102678683,13.261943581217832,3.934970672613161,692157.9816991733
229.3008408072676,1,41.995266311613335,10.787239624803833,1.638243635391813,718732.2101955167
88.10922505865756,4,25.320301932924522,7.568215532250935,4.148164556268327,343740.5713832745
256.65166873281333,3,5.283085573293118,18.041946556785962,8.762468566614269,934808.0437520026
52.39561002387491,1,17.378262971361593,11.774841273788327,3.0976553070175146,268427.1987151147
142.41074524822082,6,2.997951254519336,8.224756778139241,7.256687195890591,543014.6311444934
179.41586032422882,4,25.283030346669182,16.39164735159358,6.666655104447334,671472.596033472
164.04959338675164,1,27.454041973454018,3.395881130605214,8.771361475322038,665517.4940016224
118.86502400897031,1,11.140840040407209,21.18141825397993,2.1905915288593443,334230.2121979685
139.59388748213624,3,13.443636203531469,9.104251211682858,9.798309643105389,618612.8302146615
125.34995326705837,7,21.487508962352152,3.659928963083118,6.24365781436329,509105.54512254597
120.53176215278943,6,8.018959367357821,19.529706742287825,9.95926737112133,619335.0476187594
192.48010485105124,5,7.2684023075746715,7.684161934636043,9.203632532792657,729442.1883780464
167.85077429825236,5,32.38632048041121,11.216222849278136,2.993655449017952,633524.6204819963
115.35452023696729,1,21.147106181639682,13.588453707197317,1.505458089129818,351551.23098740453
194.97999377166252,2,14.418906422940442,15.920862638300727,3.300751844158254,617462.5780575457
165.36497604383047,6,3.0788111144278076,11.498872818607822,5.748072840994779,602033.8151835476
190.64310594194802,4,28.523513568944722,6.763422958349814,2.54436730358671,689942.6624749544
181.48144209618061,2,13.154817877830308,11.094962616669962,2.5071377006618967,558774.1207361618
108.55024945389638,2,38.60684445870539,7.903422273341393,5.163341923946378,359396.60322652775
121.99094799015153,6,28.593100976934448,11.245058381822618,1.2994117405242258,473370.1066701439
187.3646802561631,7,11.91858145592731,18.14074772878429,2.0969927427904342,595648.192628425
180.51851327167324,1,12.845283028685284,13.779625958218968,4.742752054671528,614594.3847495549
148.95492030179258,1,37.21851162944331,11.033232190491695,1.5681691828716982,494009.2292492157
155.8663691654391,1,19.157405531654952,13.692454163031702,4.5707955080997635,546795.5137869853
213.88324478942124,1,14.866887716766303,14.050403259545927,5.266056393536005,815004.3907847805
120.4214305582085,5,20.2772168847657,4.610629485156373,5.06139952665803,453690.21112328477
177.3548690585019,1,14.820873499462099,10.20861355607849,8.822573716627787,685267.1575942257
139.89036737830529,5,22.41048477108165,22.81263829666258,5.770562095465592,532999.2372003089
139.11593983863898,5,19.24176378481737,16.06410492515933,5.21182416230239,568929.0111105167
204.9388425993595,7,28.755079805115088,7.482822204194001,4.6963832085249955,817573.5751516345
191.27081744940148,1,16.114258967608734,6.983960519411892,8.358610404740375,736132.4156615245
190.67548180003192,3,11.151836333103532,6.817371384121989,9.055509435998498,760451.4673593168
215.27394035771647,4,16.510153033764144,14.331599751310286,8.679182222774058,755503.3959932899
151.05019208163796,2,16.44916101775954,18.038204605581086,7.0619192031825175,584726.1323811475
184.0976485647482,5,19.224661848060066,12.91083522240029,2.236255713718068,585524.4757111529
134.4866621703272,6,26.345402880572248,10.78581174934409,3.4918297254281105,534866.97748518
166.2083176244221,6,25.799089674719205,7.779223211836142,1.414567573137797,541863.715220007
143.49284728161578,4,31.996586758585682,11.646865727917634,9.377416674911027,612526.380653395
154.8497982496359,6,11.885103222664757,5.899391399518953,6.947186767218193,575688.0906534824
179.75785127184568,3,23.88720123051109,0.32117226394380793,7.717265958819174,620620.9097926222
109.08896583832637,6,27.273198470207145,18.184128450562245,3.8041456562400606,515486.370738014
254.619363784273,2,13.257795936881362,4.970936648189453,8.610881700496082,948474.6179002796
99.6991309250149,2,17.92368947017621,8.375838131653403,3.3364295533763064,384517.15579153306
89.29056936061339,5,2.500221257812033,13.281787253146454,1.0147938140120472,271380.0446943178
207.9055436750034,1,29.06857695125735,17.172334346730267,4.3877346626862455,724954.7146419417
189.5831346981468,7,17.84501797680131,11.285653262093106,6.136853328631661,770392.4765807512
181.20599085260775,3,28.065641766809996,4.031445061695859,5.3083437216897025,619583.4987945281
181.417275463214,5,22.060495178795133,8.493267751542245,8.758685283189372,692680.1110444491
149.38766135765428,3,18.148347710251265,6.6075729748746035,1.9486475736055024,461524.01803627174
105.13728142570842,1,4.071972006475143,9.808944862643395,5.98441096570353,426936.5278586376
153.7902279096863,6,5.850473892835598,16.15992235634818,5.616814148388167,614897.1963728935
116.14191442439441,6,-5.9314618434174236,-2.6869429803494214,3.532536839549467,487992.32586833794
198.75598667088755,7,14.373865171713438,7.943050849862546,8.400053013193094,880104.0168478842
142.64713092489308,1,42.78248703181248,7.579751818064908,7.775637902939857,524945.43708567
108.72514016037442,5,7.120526104820005,3.7161932755218015,7.595732685986479,464622.42168371414
133.93070791735033,7,-6.314318834199064,12.927453718748081,8.885732304426003,633277.6997721395
170.6465727137812,1,29.626689195855317,2.9251206406197596,7.505061405593691,568185.6799028128
121.81377235980126,4,43.63717869296701,3.500528603518376,3.086571625432538,474890.2422618244
108.88898022167842,2,22.979210652598027,14.25534607010307,7.3500644048472195,465693.7675543323
162.18436057459562,7,22.8873239471996,17.502856844813344,3.7693253205085946,577339.7388476416
162.24832855543613,7,16.901179263562486,9.619516156940204,3.179571853127235,577778.9151992046
124.65284123144352,5,2.0574276948994026,3.913019405053671,1.657032336096646,495700.7165672949
126.44808471908387,3,5.492880822565237,6.47222954110875,7.69625722312909,594722.0106638141
161.60249686788183,4,16.83246670601482,15.040009736225226,7.3990086575483005,629492.8228765986
77.59578292513379,5,14.915446599702564,10.582191203316968,3.1104952990668435,351254.68582980544
79.62681128117224,1,18.84827072230058,9.494806115590386,7.744411150517403,423270.8354113458
114.0777889373782,1,28.29324823928159,11.56524854956573,9.260567947841977,522726.5401062204
139.32764241440765,1,14.181621680829792,9.811700282372797,1.9722606174242134,435346.5273462968
165.54537827990023,1,28.497167564046112,17.728561488296087,3.0937297454809745,546727.6891093832
223.76781084747762,3,14.247102900972301,6.254283676531995,7.75234714678584,787891.0663663967
192.88298116010097,4,30.38239592865757,5.680204415823932,3.4705600615637042,667903.9185882085
142.00307350182865,6,20.863675670734235,3.08273240965672,6.621975768553451,591736.4866453899
149.04918960486555,2,15.641696590784878,7.300061821371548,1.7304780201734307,463492.90700094204
99.87353176810956,3,20.692940605488896,4.540122626669227,5.069822311931849,327534.3367070458
149.0743432003805,3,17.064611578424334,11.09037754326362,7.651822797936577,553711.7258851441
135.5670680539931,6,21.131342376799715,10.104736827625716,7.178625487389272,560256.1962736573
166.13592801690447,6,27.581061985174717,4.604622499660119,8.335648906082262,749175.2564622189
108.63845282238385,2,19.1278440158435,12.945696795139863,8.89706913942852,509165.44857528986
175.96732571205862,2,16.30431147146219,17.58406433564937,7.958651511328824,719530.4675249422
226.6369456501289,6,8.764837950891708,11.789191743355119,7.044289686450334,920876.0932089213
144.56199257715713,1,25.791780192917145,-2.7174909147773683,1.2855024263442805,477041.82979653927
170.08558610494708,3,23.48272226402725,19.935654853350528,5.814700060684997,621920.5866505165
184.5071995855556,5,8.180571490724791,13.734617345355296,1.339279524233675,556965.2776436845
129.9389764057082,2,28.35494277920761,19.782091265942256,8.272610354044204,630752.091238157
161.20462409052084,2,8.018159673976644,15.453617930749171,3.886520720139618,483262.5763557333
150.62962003908973,6,30.292217912338934,16.452577094352794,6.061864367061288,599237.8772712211
154.8838049274416,4,26.87863327187018,11.026334468005423,3.5150077658701235,586612.701939053
111.34951080722668,5,24.196655225980695,8.688519939050837,8.042501299422643,562104.3297651332
151.22550871294715,5,16.230048408329637,11.867405938660802,8.978522739777123,599576.3933002618
174.8999145622725,2,25.75779782666453,6.456074598767303,4.587782447917576,592897.2316903062
222.5571803897521,1,30.763719952411805,12.169404254501162,8.766301541598901,779413.8670373936
197.96354130426033,4,25.923519211081732,-3.133931286753553,3.4036750671069917,594681.5511012092
257.65912287557785,5,13.297499782737624,10.214661226072064,5.811948307679715,923761.9301370991
111.63262185559753,2,22.67406982355464,16.723380600510666,8.728852868548335,457172.04731321713
193.61603183603393,5,31.32034986295036,10.471542894644829,3.9329320835421133,753413.3621410689
159.1671002869176,7,41.99098180556703,18.63741369015494,9.586380385702771,721036.0190462259
259.4901466608836,4,17.947870255008038,8.681273060756974,2.0969155160324524,840483.0030953658
109.58508573224242,4,28.578831061314304,15.013254564939139,1.164475627511556,331600.4957503491
108.0139078909612,7,31.344805200843187,5.60864963163317,9.137218173203715,558456.5135783704
120.03036772779889,3,11.875950010102361,14.809783097776894,1.6178379953308502,381501.52264250815
43.80521378450966,7,37.82078318061481,11.162974541139082,9.927002763527426,367777.7986667169
123.71224891596195,6,9.348153159165541,8.901247520786356,9.562571757811956,699444.0225849611
112.0433669223151,6,28.08985515032976,-2.8694105753220995,2.233188190326886,377815.2450939174
157.51968932381038,2,23.05319779547066,8.72811612097225,5.838261631233093,576273.4340844856
167.08779878885798,4,20.555755599981598,11.067265096399053,2.664282677204299,602989.6944811817
243.80854196079432,3,45.46833281448644,14.143547176099586,4.853396557271079,794537.0277671206
197.5211919093025,3,16.987447646731987,17.804748995495338,1.552826163338494,697446.3437084868
121.15481721687985,5,16.826544072713915,20.175163506829556,3.0153212901693056,469017.81780801626
105.0792664325821,5,33.31478807397795,16.231336715614923,4.269455167590095,373677.98278065573
174.59595857532528,7,27.61803778086783,7.189548373479028,4.947827502214493,678354.5194333624
83.9883396489679,3,32.82098920958554,8.475979552411305,9.79746632388004,413559.44478170463
241.57293829271768,7,21.168693823411132,13.694577355218415,8.27079081115583,889175.5024390317
208.97200603606436,7,23.16942617012163,12.598072299239007,7.636689498807516,812158.087564945
126.54121739476476,5,39.00935612994574,18.14172979695681,5.833371832677768,562761.8741725306
64.34327354545613,4,11.640459204193037,22.396947093549556,8.559979845439091,402086.0192919652
217.69361870827066,7,18.971229559083397,21.335900975491114,4.0539055209014,761540.6199751989
144.2730077373691,1,27.982540714254448,17.469690998991723,7.380092014959844,589284.366395809
211.8908155986731,4,18.041391799121623,12.639513244714486,9.944055778403548,860004.5321182492
70.27861706028165,3,14.298541207169645,16.746625314729222,3.8316601804167894,226705.19493223767
120.03124885231136,3,26.18484512786522,18.307205068641977,7.066157813955706,483606.79170973715
150.26218498590916,7,33.35805666491494,9.263498013724908,8.598833777371443,658530.9753530382
152.3490296882371,4,18.59165637194143,7.3366951374562035,9.24226825015605,699676.1000219753
127.49672642603781,5,18.31410379189251,6.162894999641626,7.461394218460916,534993.1442218182
181.14249661737495,5,13.52311974316569,5.618076332773484,3.5524713107542265,603655.0129134277
96.61897853087028,6,17.04023156594266,3.090023387034046,3.9365393641205184,413155.2241721585
142.88102574893531,3,30.836060798301858,11.249508545588638,1.1868222891156779,417816.004611858
156.01478158559493,2,20.81062870693657,5.001235994559342,7.847973799043587,610921.1914131674
175.72194170293744,6,11.950093390697118,6.082389079323089,1.3846564545575624,595716.345241074
185.5807439044445,5,22.623623803236626,13.506277795883635,8.781871191424711,731656.2187601612
93.76789540810654,4,30.511940109860408,10.908045331267548,2.0679455302708494,379203.6959205459
73.29429146321888,5,14.381143364525713,12.148124703168373,2.546888609223318,366122.6431373287
213.88384109492546,4,6.713947804044366,16.825743809460405,5.2887382374901355,801976.2355662769
166.61570059897957,6,41.90825159872752,14.322649542703976,7.6409237365186815,581667.6181561494
112.57567317217232,3,6.214706499567528,17.594432907263315,2.2510198467916993,351149.7307265805
227.55759877612616,5,16.409774361442143,10.399882473890353,4.960639675598486,799148.2729971819
155.78373171464293,7,22.321285118586697,18.05895295656198,5.345661469690943,513701.6895761075
208.96485920319134,4,17.27572298755709,11.7986838217873,2.9105707750173218,654975.520025997
153.37592407050545,3,19.25089155344981,10.843531305476015,2.0400253901256855,495466.0388174636
253.03739624409934,2,25.768381678745936,17.307631031382517,8.527788306870756,888373.6134268133
237.7670421221602,4,-3.9172165771279346,5.639231604033525,5.52219084786489,857677.213071738
137.55179257604632,6,7.3310552847614865,20.118002837712375,1.1294311238573767,392360.05024248955
198.57854754771776,2,20.44259386070329,8.589499899813571,8.226831711781934,734152.6125628782
182.2687974792574,2,15.957829880263901,3.9094601422533914,9.827144248731264,757101.6597952144
218.43157787661744,1,21.294112582755975,13.26750976027931,6.453335758728226,764323.2014438635
101.75382697099478,5,22.27653282631304,8.113392449408698,5.533375483756637,464965.3143832417
184.30257299992195,4,-1.1591999547099228,20.129035459556253,8.905742767404655,760837.3392357562
202.92122434247938,2,32.73640332151646,7.835495906074264,9.572651107161388,771739.901213088
62.063025678844284,1,15.017321168996503,11.57224458675981,7.790832243122145,333144.63858809386
90.83707436671125,6,11.344868152239934,2.8720334226094844,5.009076367608591,382712.61150751956
48.03839111199497,3,22.083552959592794,14.064571224487356,6.329992593982964,255064.97594775242
136.5296582777721,7,21.071602277822432,6.1130496207054765,7.308418285161993,553271.0913691015
185.8771127897981,7,31.966908176546376,13.466623451663004,2.7484621390162127,699688.4134977638
225.11785260480139,4,22.71873162770017,7.858273801470691,5.024809289947942,779028.2520707702
153.70473902098877,2,31.581108480243003,-0.23467343361399884,8.468391382455565,688240.6729337802
231.4307772785646,7,10.618226245722944,10.655950451719416,6.892528136485987,896424.6591993952
80.99492708925543,5,21.41861055207499,10.432142585392176,4.700836604906687,316360.8811289626
64.83087803224227,7,8.852522926751107,14.405357868113066,6.970262806132133,390418.9219039003
147.22261505516906,7,20.976758555602796,17.78000285919602,2.064001708652139,556275.4090263468
169.20327244696537,7,18.857120443981145,19.56204704958399,4.613478495083887,627228.7168660816
148.36526259529535,1,18.42702574799097,14.32077106735443,8.138156841667508,590865.7227612709
46.62789499800617,2,18.514724476383673,11.39309596032959,2.984579084229832,165655.39508217503
145.54399802436058,5,27.363894701845975,2.863332052422674,2.6736535680167592,523333.28132772725
84.77652497475734,2,3.9264034299742043,11.010104684950036,9.557367939247882,458893.4844069246
183.48362744150194,4,11.002121372158275,11.074700849694663,2.8890786662760766,597178.5529834807
168.32991230484242,4,19.594281732548247,9.00679870171986,3.3482672168515126,534682.945498721
103.00601068363224,4,8.213369105287502,13.164838253004042,9.726543450139042,584093.4841006874
124.30665413316532,6,20.46114106201044,15.609528554910671,7.612377132385231,581728.6669830665
97.03932390555242,7,19.49147478758925,5.907980347356581,7.296368797211754,461054.7344774937
146.8660451363414,6,5.962433549474168,5.830078229002664,8.676337454691232,673381.4132425105
197.75711602506192,1,5.468348537457224,9.303539941116854,2.0424077401311482,553501.0853137554
100.71369768322282,4,-6.237882355492658,6.923854046460384,7.353606129220065,383092.82704660774
175.20232577589223,5,7.7932995031808705,1.7937339882006853,5.53319748395415,733890.3306467582
123.48711908137795,2,20.143232582106,5.017036318385242,8.462355762557259,553588.8587397253
110.35635838688279,7,21.561878229408777,3.8383942648127967,5.573275467986749,493610.930534229
144.64848200227212,3,22.01899559628451,16.042252540090765,6.582172188420209,572148.8734075899
98.2378838790313,5,12.220811873326191,18.51413503004639,5.299679137595824,578132.2088532628
122.3175347326409,7,19.816965159785106,4.522832713527066,5.303430312002597,569783.2431000577
90.10610537055757,6,23.97244609241453,12.730367565685556,7.911729802556484,405199.1244493264
248.23625664581948,6,7.319644504988469,14.367582122348754,6.657097605825549,828620.7070219358
151.76317759858642,5,21.2332907439054,2.538656066700681,6.699368814484694,677579.0677814203
115.01372460037072,6,26.564812118350915,10.804894735894997,5.052542354483732,519407.06543926924
160.6989955367111,4,15.092278701771193,22.66758082673263,5.779985467037748,624902.2237374256
144.38359751545852,1,30.62234330349603,13.385734331788154,7.711458995843086,521346.24776883743
138.95152002333884,2,15.3256565617503,8.773497293337348,8.433468272007264,602865.1207834793
180.70833500217125,1,11.399391448769249,7.199067373908955,7.269052619296415,644840.5021700207
187.87538550236525,7,25.568411785529204,-0.11230792360447239,9.316656899611148,840482.644793009
123.47494261947362,2,40.332937694664565,12.35236828058366,8.382916793324808,568520.9878203264
121.209087967766,2,20.853536188878092,19.739083936271577,6.056774108285666,437553.71412868815
136.2474151424178,1,26.349078041137197,5.932281228010396,7.042654653793631,594112.885701313
34.90394176322076,5,14.91282778902156,0.32207660241469327,9.336774492290765,339250.4063154803
74.24044689007239,2,7.583837802039724,6.678879093233878,6.572512398187525,384955.0117151963
218.34371337222623,1,21.662656459007334,14.407998729891041,8.423262531818477,735571.3962441677
232.24838567506418,2,23.243999717879113,7.857499975889573,7.199294532309883,848933.5231463612
137.54819802218108,3,16.42088909618838,5.897659535434559,5.9674272495441985,511156.98583544773
178.8278481527883,5,26.310565180215058,10.095774575289296,3.176543758738178,645447.1478807959
165.5625077271768,4,13.459199901856799,11.148503735839276,4.833977675215853,683272.8546137232
303.9440404227619,2,10.979137341482579,3.0580492961415278,9.70968542350344,1130425.1975892184
205.97874557172884,3,30.60642930486165,8.913581515315883,6.9198884494534,712617.6734571906
143.60412042596167,4,30.653476265416305,7.513661930388308,6.079558423050907,597129.6032994918
102.22297796997871,4,13.656568941643215,6.795478253759587,9.396609629754046,537669.0619429419
69.67768398712137,7,37.188504904048216,4.91481665304276,6.2786060293370385,481568.7824365321
160.17318179336115,2,17.128933074697507,14.706289273973988,5.7347426657566265,597288.8962919534
112.18246273578484,1,20.847828646439588,6.7780653560098605,7.833797696351847,453358.5802159534
78.88731452011629,2,19.15347458151572,0.02527357093357452,7.4139905708789,433859.16861308756
117.67135578787367,3,25.237602174456796,11.321489109877167,2.7384400756758946,401797.9305098151
95.92259981928025,4,22.714214938009427,13.625997363365922,5.241774471167091,404819.73485271767
234.35708175362822,2,22.579621615816578,6.0199196739206124,5.252638985376267,761380.5331308432
194.08198784747253,1,9.804383682801138,7.201686551080169,4.4040206371901025,658499.9139780282
149.60136793416913,7,3.1143768321031544,6.754731397858137,5.655641339370278,621767.879951596
223.99720694450127,2,31.42160028252862,8.266733192849447,4.7179665795442975,751822.6187070074
153.8684153823809,5,14.545540010602565,15.53425091094911,2.7941094052406483,507368.91975868965
106.93578993358682,7,19.50966626566522,9.429704138138218,4.71129838547213,475545.4046874279
226.15620386348286,1,23.26798909889781,14.197967728336026,1.6504925281585894,642373.8951695756
176.94550218423294,3,36.29009603349268,5.155841842266236,6.182072764969704,600649.4210457475
98.13769228367718,4,21.61357924642508,8.081547902095078,8.682890940470006,520618.59272039856
140.4830660958196,2,16.052024370759028,14.770069079236533,7.527583759190997,592707.2665714086
106.21908733076214,1,14.764556187131427,5.971973007868703,4.243546360487001,331807.7275626401
80.8600134517832,7,19.626431587580615,15.060682304542652,1.7836408501957737,224370.86578703765
196.30887737658207,5,10.906352303593872,6.858079545024309,2.819344593027437,629136.1262511332
245.47083202350652,1,20.288757231490102,8.391687424707904,5.909413064453521,835453.8978831233
80.07162130904294,6,19.47980311541986,18.350812936744624,2.8635137504472956,377936.4967115232
178.14846183452855,5,36.41526948644152,7.820905114168843,5.895758001564707,664784.3247297797
117.46787154390864,7,19.16398861409079,10.726729013753173,3.0843912228750905,419951.29882515105
125.6437308117652,3,0.7551183895115017,13.082182112608681,8.640314825284655,567165.968031473
120.38030378805654,4,46.73510970396478,11.132543248360056,4.575443255564137,446882.60098845087
106.8004615160092,7,29.568337311560967,11.275266744447883,3.2099556335004196,353853.0630729338
152.42608139724135,3,40.823487440955844,9.717301280091329,8.310935622223553,549756.1167496446
108.45249417944811,2,8.426800130155156,3.488803954918386,4.085550683249057,350212.0151001056
163.52284128899194,1,17.78173218743708,11.741446650498792,2.0033891905490373,638125.8483538866
147.48809452754315,6,26.744012414943192,6.337657714941729,6.133685422632775,645258.5712690814
138.05259765667952,5,25.363913722844593,13.878836087015882,6.234077839941898,525653.3358501623
104.6218168979201,5,23.06937707359552,16.860307119748427,7.432261077121607,531098.8641612186
121.16143347158336,1,-1.9961071850055419,0.9722136929149237,3.16197489887547,407860.71706231666
187.7695612912878,6,2.8756054243568627,16.869039137135523,4.993942051830206,750205.1833412724
175.04585938121903,1,35.17520109063872,7.944711040664783,3.541311271383906,580474.4593184913
101.12223776007244,2,36.953295328696896,9.345253889077636,1.728583625041193,292501.2947932114
154.9666152714613,3,18.93348708563604,5.4380627374380515,8.889524443143024,689057.5143197179
187.56935616858945,7,33.90427474406382,10.942338645331384,7.5598282403950705,757414.9666098249
66.52973594393141,5,9.767722338567019,10.334074415887027,3.713167535129206,323380.97435023065
177.16800961899676,2,12.055739465313193,15.384614126464253,6.394356935847877,661061.7278108003
116.86881205270767,3,8.977196781368505,6.293033616848715,2.811374093210252,433156.50784991717
178.52993342965797,2,11.500804543113539,18.304012009689544,9.012129596161937,742653.6663304588
111.83704217287416,6,27.226960095226193,13.323570431544447,2.034157090257193,531785.77506972
59.75589496677405,5,11.376476269365556,10.454844883877046,1.034534309570208,291027.46065870585
68.62287810584186,7,42.39743039927865,9.096078180522545,5.51807377965264,362369.53545430757
152.4042473330691,1,24.60070606347438,8.467152764330748,6.248150411075824,551644.3222975119
162.98612508607408,1,30.845270464950882,8.793281127967475,6.210687882662239,584522.8300869407
104.78416874477958,3,24.89940582800073,10.842009784677368,1.4906073469404366,282645.47085160855
181.9296229388687,7,32.14269650459279,8.955000196531339,3.826394262265892,696040.0826424913
66.923996886552,4,11.320000004614528,6.797352717462564,5.492790521571987,284025.6374296775
146.69601006763418,6,34.46933538199557,10.872296474183512,2.949212670645168,506906.4556110696
89.44919001187716,3,21.40938885591437,5.818559406373063,8.853632969373066,489505.131030676
117.40819460989204,4,32.09266110968739,11.612334505008736,1.7839836051529063,382573.1584305511
152.3699335658207,2,5.604359466238158,8.884664822596292,5.3864599750483855,544095.4237049536
106.97933173580239,6,21.80583206608363,13.483654546159219,7.222744517618368,434390.4534022117
130.77222278850874,2,21.452387167816653,14.945371053477384,3.355759901210342,506553.95284084923
200.31464046072202,7,13.807635350205585,14.943402801723693,6.618166632977664,732327.2388913871
121.15540652384256,5,23.13118829747264,11.59052528026313,8.46446635128137,524510.3731806265
191.7846056032571,6,35.396068480015145,12.174156103834225,2.713032775855428,564068.7329394278
93.51465726711909,4,13.038476410368789,8.386244869407824,9.254985326423766,485552.0204301414
176.49020889576414,5,29.618543562049386,13.388198442416737,5.9820267939612215,647554.8488037892
222.07843103289503,1,8.725769438534918,13.952506803308616,3.6930880387095453,733898.3047970663
26.417774993635533,4,41.09444594642459,2.16335423237736,4.877724478440436,134283.97638005833
110.15523722647616,3,27.846003184367085,11.89173597803632,3.8097269540774916,441608.6848784971
178.853606359027,1,37.25117332258572,16.840649038544335,7.526000439399845,561233.7400036628
139.84773069785035,1,26.720605190937675,8.218548526976079,8.166705970736189,562580.3111232216
168.55729366856545,3,23.906131777293616,7.127265119330604,8.49643653086795,688731.0622123918
119.80074066420897,6,27.929329404859182,7.9006826945684026,9.87191424627167,593913.5185090823
154.329489373645,1,18.635525366458285,2.4756200358543667,8.121558632470151,630276.1915913407
142.216138230396,7,3.821660944416781,10.629919772244552,6.412456636197071,646475.4214975976
208.38910308299037,4,24.473993464667924,10.149827200486257,4.052982685526054,785000.1606750814
162.72104216506065,5,12.444966654002453,10.985134164386505,5.901359038396745,625709.7262738888
166.8801331037601,1,8.983380846205977,12.07988310608901,1.3696135551136488,467029.0235743361
129.40615169387664,4,26.362931684386098,6.010032989092617,7.703425679769218,588126.3174658202
125.61968879637533,2,17.20891525100306,11.365995995110218,5.013599905828916,457465.6436503279
128.37209060901895,4,30.277044066056895,12.215993299578649,1.1802090675896886,478488.9267775632
169.72260711891485,5,12.110592312409297,7.558041345914839,1.5625624735936974,542928.3819349353
128.95077595898687,4,15.291710234861736,12.100589991259865,4.48719817439581,447899.0068289172
164.48874284482065,3,31.502960263013936,10.403533131933706,6.2507936711659156,624315.0096760066
253.77003993227194,5,22.798426609976087,6.8440511527830985,5.1778355405691405,806180.6510121863
193.5562351715846,6,5.226719590938602,11.413943482418382,6.572838855629394,729019.7719203307
133.69882339160793,2,22.57760882860111,8.546446283233903,5.322648329122202,486948.934087699
210.06069610819725,3,34.812385485888036,13.485326370071935,6.95533460933212,772678.2142518164
129.59623134892243,6,15.21422555378533,8.804168099654811,2.972134582037208,437604.41594762664
48.0937732411073,4,25.98057696452909,3.5511720911747,2.0155886846525926,162301.02318394958
99.5956844541298,5,11.50613084844095,11.334934927638255,6.367905591630939,511235.38191415026
56.46040394870721,2,18.63216725030571,11.147016239157173,5.362205652426767,269915.64418148575
132.42432579793456,3,30.898355364504333,4.594314436011693,1.2418088864044177,473000.36498077033
150.92091895947758,6,22.192316677549734,13.752680577176529,4.424336969437323,542434.9469934664
233.82186561376415,6,32.89269862715636,13.491104180677395,1.9551302694189594,761162.6485240336
166.34636868820814,2,24.253024042278618,5.650099037625457,5.782211485774257,624808.3965539928
139.04497355955678,7,42.18739677200842,6.7018684947004425,4.561999116943877,634606.1472706562
191.47027905917446,4,4.350866307807307,9.289961934852366,6.5183671999271615,717786.8961113103
39.44323454960575,2,17.828066499390353,6.2057393448118106,8.250419968932144,276802.01607452834
161.7807279054283,6,9.154662067079487,13.201985924558388,3.697018154573417,649809.8882742128
188.54325969434834,1,9.837508255417507,10.744859746636049,9.658918937485247,728781.5421608327
76.07068771100792,3,9.928163061939603,4.532214270558821,5.8207105052881705,377095.3298856168
207.18770216034645,2,21.677258220512204,5.88764543575355,6.5646171887930915,803733.3133139663
166.9248203747207,7,22.26300934821867,15.938595885832006,7.126051359031633,649463.9962169904
129.23560430495994,6,24.274559249951164,17.677811889577075,7.0005837687183075,566087.6131540876
181.63909330531425,4,8.769394398554482,12.693644880262543,5.598736687405559,760744.3846516336
263.5346428902198,6,16.757751810017098,8.94362372424843,4.858878620032152,972053.092021829
159.09331275292476,4,10.357053602436318,7.800185437967118,1.484037677596401,544328.540336774
162.4110293150168,2,29.358815562717158,12.748497091555025,1.1987726077106178,486190.3210889399
127.0319550229878,4,11.297324498190264,10.379602671297434,4.221650750794882,454094.8997650778
107.50778152676041,5,17.862878480041186,1.9496427629281161,4.002948015703234,391317.1053481428
191.51679082721228,5,25.603064413231056,15.159339912674152,4.489256393551061,754276.1562753152
107.19580870455664,5,13.843713255024353,16.729016336814347,2.24531380799371,450251.8734093104
153.57831186096962,7,26.938784449806537,13.68626266471599,7.643514434831593,616750.7141805345
126.11712766174416,7,35.960797355331486,4.5419440268589595,8.71267973298615,614696.0128309082
173.9489912873196,1,21.897117287255252,6.815867751383301,9.448431718366315,705209.5728838982
166.6831052643474,7,29.016109145684073,0.7114006932114432,5.431260731676632,722320.1478801193
201.87699721289496,2,-0.7342088893638277,17.98024245697778,7.307791292128858,764323.6181555447
124.49918005726265,6,15.709480731521493,8.21630718370486,8.699960110922852,586176.6032124097
136.50625323533143,6,21.849008169289768,21.66644660824891,4.764619999841374,494302.7055910195
101.06181421088463,1,9.470349215996931,19.77615015453889,3.784715153833999,371523.7381258185
127.78533699619442,7,22.076493354040917,5.482867918155282,9.430521002681411,605294.7539398271
168.8650246522426,4,30.599405560591507,6.458661302984933,5.641088959693658,645463.4056723198
187.8494308322676,1,1.2043937198997803,12.3309517117356,5.475284979317902,660156.8136826918
103.89173379111872,4,8.109271341961525,1.2272894806686487,2.605744869071462,379269.9348692943
193.480296005283,4,21.848132707641852,7.808704413107192,1.9733951311602107,588634.6289839805
217.78189294024753,3,24.60419729440048,7.3092049939663575,8.578961762351604,857368.77056699
170.67174516118504,6,27.380803749096508,19.25582970973354,6.527198585687662,662113.5778271114
243.8397906279033,5,21.108894788877677,10.805089427522278,3.9324212561750382,922776.7582448098
111.31054004482135,7,24.615124050158087,8.576165112314019,2.725625956512398,381655.08765228157
87.76726483442914,4,29.03480708540681,6.842576336573494,5.999475521526683,429774.946497907
61.06398755478607,3,15.855418982296738,14.47024798662397,6.2552736033502185,304532.0298589462
224.80221557445915,6,13.914139139935791,7.516445880347958,2.8629424112055233,878421.676473326
182.71828281770289,5,18.314933690651316,9.7485851281875,8.662651731023265,775076.1343890403
147.22076645447726,4,21.994879422774133,6.804382387640178,1.7583792954026598,511860.3010603918
163.998431315991,4,13.417265567986819,2.4123143399230287,4.204837766497795,601759.8232353601
93.72554763508117,1,16.06242683526788,5.019824361486681,7.123459723862699,382928.8346893525
272.2875989808413,1,23.977017705072956,7.490141463176532,3.467083274372806,888550.3810147254
156.46105909876138,6,21.577507810297153,8.683725848681854,8.449076753031447,605435.2392219036
155.46973973024464,5,18.14662877184242,8.902880370382464,7.658810439403632,580343.5886080631
186.28833119493459,4,2.5893068993735078,9.555401497406189,8.101205600933207,795883.2717491467
174.05046158683567,6,19.9649200799146,7.556561849244955,2.0719588228904464,514167.0514522879
161.19420121395657,6,10.299960324909572,16.74563174084203,2.264924151959886,542633.9809928078
110.47627722773441,2,29.830827052059,14.739920599284911,3.5782636397012526,333512.48548932344
173.57341785679978,7,16.912788467214924,9.324453664045809,5.66269448677805,661407.533956801
244.1012248237517,1,10.037679437774797,11.271291398704982,7.732144690294621,884248.0565771699
217.2710023077489,5,19.384567261199514,8.139558792735224,8.52877801684813,899714.7099887154
229.65933133196984,4,32.70699585092191,-4.217426460258878,7.3390178436146245,926612.6721197654
124.43921617844074,6,26.30815849144619,10.102465064630124,9.357371933775745,546209.6494102278
100.51975898707096,4,22.19917150605934,11.52807180625608,7.6486915865433724,442843.31839832827
143.7106539950176,2,6.739049409531436,1.9366912097988624,3.7564109830415324,722613.1262370173
152.78624561443473,5,36.216000997663215,12.497055345973013,3.3857315590471533,526719.050209688
204.70957592354742,6,13.78372825964097,8.597116610275954,7.265732052709809,755545.2899798087
65.37676851425903,4,29.33783912872343,11.689668603173311,2.7358351182065284,222853.54730071404
226.47751597303068,1,16.74637121648585,8.748006763149572,1.834433297292429,692419.0222965068
142.09960507105052,7,28.37507872483239,16.254772371134244,5.790005873705745,553892.3666287259
128.655946502629,2,33.06874095875274,11.131144102920434,8.394774128010598,528913.7292745984
99.39478123699163,5,26.481372699075333,15.012082293360036,1.9124185822287718,349602.5778796444
67.25716640671153,2,27.558549597599395,15.423630710874725,8.127021914161563,345976.82352359593
191.15852919809572,1,19.015610138443677,4.402221369557947,8.304148039163934,685673.0863904473
153.6658983594202,5,15.66033857927189,6.3049156498942605,5.340466000733892,618986.0233862677
85.5019550129473,2,21.382986897858103,12.25805341363128,1.5157927900943813,283795.4947653878
85.2460613968192,3,16.60085494230783,8.172313581209139,2.571308661224678,341434.54309947987
133.21076503549358,1,44.67203710812492,8.806966153718522,7.366836476457391,435699.85416473047
233.45107626446963,1,10.076417135094863,16.432824110853048,7.406001504918545,836628.0263425268
137.02043243181976,1,30.02085216590409,8.44816810903965,9.085197476508988,475802.7527840266
74.8428523440947,3,25.171968345390134,5.1553532587570885,6.244175318991245,350314.50462744926
137.71284679570277,3,22.298722081239376,5.8309999918220266,2.1169663094239963,498478.82018488937
136.36382151261648,4,34.798860999138405,20.911782505963505,2.092734149544749,494468.00085034827
15.155667852921425,6,22.983774526011793,9.108902598073815,7.4901912162114135,246838.5899277262
147.28525667410938,7,13.650930802575848,3.178761223910448,2.6540619859711105,587112.9392692462
138.4532734895661,2,22.91730377253408,1.1527070234170278,3.955469496549448,486331.2498741716
184.8103182406709,4,18.168217310947714,6.876816786629432,5.384908062297225,657271.393636291
242.44780474726724,2,25.032846688166487,9.017389402863083,1.2228838981853607,880396.4928833174
206.32825147738788,7,28.130736316294985,14.745868532138363,3.2393712431793866,758946.023932657
136.55556547225848,6,11.409120576359305,14.261725832308835,4.671006476565521,477340.48433817335
94.67370456291648,3,31.953361180028157,9.968267894635824,3.516726866438856,266693.3725089092
278.667990162493,6,17.451001551315407,7.729157069202055,2.2273329472080925,896977.9205990015
152.9609217007244,3,24.436139226821787,11.69800926710845,7.552110320165776,669753.3133068485
150.6964645956473,7,26.17030170320696,1.2562696193180596,8.318328896511865,675923.374138037
148.79374564449984,6,23.673886906306304,19.905404469646086,3.3173107852935235,419831.4113636835
159.90423803839275,4,18.90891482347431,13.270527979283056,7.96977545145673,640883.3026041557
142.78197940380286,5,15.11402418007336,14.334951098641362,4.469982079611825,538566.0635532187
121.31689965598818,4,17.310054926966586,4.629233090616946,5.560172117686025,378771.8952490023
122.6570529379804,2,35.65171932528877,16.41324320648298,8.704009674038375,520813.93542484933
148.3623364892001,4,11.341335628709409,7.699914194868525,7.749583136221671,572189.7327058099
122.82876144331175,7,12.807566620370338,5.2372093859071835,8.246051661845598,497370.39963838545
114.35771086614179,1,12.368511768562858,9.804138146968903,2.2316064992772113,457040.17848750495
155.32151138459483,2,21.357538799176652,9.687224570058131,1.6274748325035653,440424.3145099339
137.25113912895725,6,4.752945500121941,4.607314637440016,9.040642561791884,609914.5871436744
225.1996494291344,2,6.464401438656067,5.525313232293174,4.490508426139849,739859.8019390984
17.45150958034941,5,17.39045167040742,5.133841123359749,3.5909171026271274,157888.8208195626
204.57534259612308,3,7.122245547017624,5.1814246607158765,7.522266288356421,871153.6241437087
212.30425962488147,6,7.937286907171984,8.059510464501997,8.527740369218709,791600.333596883
46.33048837959252,2,7.197315906370607,3.0550743191377103,8.76240659708471,310718.15192615014
132.86562029598255,6,11.533882908666712,6.5431275129303215,3.8439742701270463,525937.8075180796
131.42795670021042,6,27.312465066704064,15.225672741921345,8.669911520815067,547747.7715127232
79.62441526410893,6,29.557079561210827,14.116547260520917,1.3684054993691084,274143.6748793919
111.10916562045624,3,39.19000893218606,4.750603795536227,1.4469534231374699,395270.64550219866
94.47120772670857,7,38.82361858513478,14.791024586471167,6.61167275656739,406263.48280387477
237.61352217118113,4,27.86312709880447,0.16780365431975497,1.5679573220399161,753084.3184869508
196.78391965737305,6,30.276776748010317,22.145721610060768,3.9214825165914537,658856.7421688876
213.57775474970794,1,21.31102090685918,16.50156596067796,7.054803876222316,751231.1483224067
186.08360320216175,7,25.19864852012269,7.201340439299466,4.0354020644880375,697715.1017083976
93.54741143913854,5,39.43603048183171,11.912132808675551,2.616398032960863,374712.0189280476
123.77398668601131,3,23.712128680568302,2.9954033594543548,3.5321555966845746,552493.6177103766
174.4687280613959,2,31.532385785452398,10.302213949629067,5.118177990253886,481626.408579385
88.89360955540273,3,10.656483914214888,9.081684837487666,5.278472698199342,374929.946456584
185.6499215086194,2,13.337612757417725,5.826183053038022,8.047002082124818,654259.921597979
137.98373009209325,3,23.120695977949676,7.657212568370705,7.751379064883613,556664.1046998759
131.25895962252014,2,21.499316700633912,7.165062620952865,5.111360241005217,538550.1979406223
185.54799841017456,6,13.800658125951038,4.341316403411824,8.611006141888943,835341.4405073283
172.213165574302,4,44.07377583931219,5.709263770516684,2.0281342473225625,628837.1269348465
131.951691709046,2,21.725941039148662,2.7907778700014374,3.2981801520601133,528534.1665862849
207.9664901682124,2,15.572749478153382,14.28665382780309,8.451788171520263,775022.1248732398
95.94683362000514,1,21.516188273606303,5.339436267718655,4.401946347635378,437038.6930096999
180.7967803472132,2,20.25426702611635,3.889895642149229,9.83063402914458,822883.5343785412
179.6550628984192,1,21.878025478910885,14.207523399079985,5.196279533750519,627580.504259268
134.5226780343005,5,4.06282984648967,11.848101771696651,8.127420606673876,655174.7087339674
166.3066511121059,6,32.919466965668654,14.022505279744795,4.620763372441347,615903.5803085221
87.44432118073485,1,33.4882942043915,14.580416120983273,4.824581671561873,400721.45146731526
196.20135096034505,4,34.70320772036486,19.687274484692118,4.4459483255576515,662557.3419367896
140.75489317785053,7,23.254317585362976,9.219801166534078,7.471680584597306,585765.406598356
123.86384897404803,6,26.62481060164516,2.711961605022463,5.92766095653995,476764.846831006
202.45046129184448,1,11.3377305199275,11.355189003810626,9.494003002315322,775848.3434942777
114.78281547286204,6,28.328993285973894,6.654976885600913,3.258012848806943,449581.1511397518
79.57693518182202,6,22.51787706893939,5.212473583422296,1.9050645887509992,270461.81534208526
72.16854132380482,6,15.395933843607578,10.499625861086205,4.5393533658929375,331339.86262605723
180.30049756728198,5,28.647446916408406,14.328763665047948,6.550414368820984,659765.4456514512
85.97853237518585,4,29.034490360911,5.820025792018583,8.747190432239456,395783.3445853378
237.73970909921823,3,20.60608835674933,16.371940436658594,4.115771980122949,842467.8451444303
45.9035296058139,3,24.383825801284033,5.05193020498592,6.884080760120154,346217.57596701314
234.8228184145019,1,9.682829880664395,8.780483893372685,4.151788129208971,831063.7109619095
160.5508733601309,6,32.431834372143584,11.931539408904339,6.554976246950123,634431.1291888921
145.16434440648038,1,11.011868119650982,8.060503956579709,8.963271523275857,606042.6334206696
122.75404565955252,5,12.945743519208241,1.1199883053073165,3.0822187803346814,418594.9905808186
169.95680571760354,5,20.62315645430537,14.637037458944025,4.638174778963353,641098.4230785758
148.11826487875757,2,31.145162842184597,6.882678298219864,9.939386767867719,645727.516434486
205.16509410082608,5,31.139486332156608,13.724492246968463,8.817013254245147,947876.4356771342
155.711382433102,2,19.951753780948696,3.6792793248616897,6.0817587210658175,647629.6439436426
157.5150880730939,4,27.730133622538112,4.532817089517941,5.649648326688478,620636.184636048
131.81938938930722,1,3.109415506711038,14.312167047776786,3.561403440742129,451582.8131080774
147.15271881394662,7,12.806800098704471,11.702540463710116,5.654884849241765,650663.969535619
165.39008844460295,4,13.010495605363989,7.807071446576617,8.633633484519525,644840.1465326262
64.49158036716872,5,32.522129097598174,11.775157990854188,7.166570619500025,409864.24255712784
82.59072889471435,4,26.546541629080078,5.22980432227821,3.610396253601879,284504.95944635826
187.16320470113575,4,21.84652775904601,10.551295587444546,2.8131752894817965,602926.7197716167
158.54327190639708,4,22.81735063829374,10.642769616950327,3.386876832971462,464085.54766382504
140.80083318236603,5,35.683392760301246,8.131091974044857,2.5278328125354386,523624.6326090436
150.92169665326966,7,18.298203334934485,5.823571472046208,1.8607662642134435,554592.4076817007
167.37908526808354,6,6.8593269146596025,10.351242891073968,4.772225569978495,610551.0881715786
123.01201598453193,4,30.871951843953045,9.725094283495508,2.0196964395844095,372949.4198492732
111.08476372988437,2,21.818390372050608,7.670889605401955,2.547213019543939,450719.133321407
159.79226275488406,5,29.53671678165781,4.83092764909625,5.925922159055375,619200.284701128
101.0813611192484,4,19.55235192613492,10.062385246677337,2.4813934632961727,329637.4300645564
170.4126377857236,7,11.613104762961068,7.683388175816971,1.5749179068781256,691501.2850304284
64.87081978810798,6,24.028217210829766,4.826711897815334,3.8564996502509667,279635.1299601197
201.45778186628218,5,20.101750707414304,10.217649053790556,2.9828718875977076,745584.2879890972
173.62987412065215,3,21.849422828744093,18.04152736027693,5.637746691949391,568108.025545628
162.80148671569378,6,36.16570494117416,8.165861670464611,1.921303761248884,538751.5788854263
199.1345491972757,2,9.012975226152996,17.488882706210113,7.765937089146803,767097.1389714909
233.27372222312883,4,22.859186604759824,20.571658573650478,9.156101674916247,877764.2715246545
200.7185032509065,7,11.810033098413232,5.232905488111625,7.690916565605749,824407.6173591132
57.95628843341774,3,-5.90545973120058,10.045221040994821,5.795443336612548,280720.888035412
86.02115166321492,7,19.510348109777762,20.518659589081548,8.746010396099965,382560.6918781532
118.75907111521606,3,20.31022936999807,9.39460019295478,7.254265418033567,580394.3259501238
151.3045525105417,5,26.235221029507585,10.184060728827,1.0949601020517088,473527.7390959615
175.88295102345614,3,17.824592514160564,1.649972628125541,4.5468113749705275,651648.4481471273
113.71280934232672,2,5.109996448760281,7.341690498401661,8.658567094661201,555840.1105298378
159.33833822385392,2,11.775684227451372,12.777943423344684,4.1127297217774235,570652.7620739372
112.23085338233388,1,33.16958836686704,22.14641321475625,1.3169365617297115,287797.31402911723
119.42410985040259,2,11.633720707093689,9.019965832641548,7.715616746970451,571226.1034856961
79.66694515758888,6,35.83225529692506,1.6868683887432248,8.218344432545816,468605.252643349
103.8383376944548,3,30.499842925713832,2.9737540461334557,2.445343255389777,380650.0081763643
82.41576971918332,2,16.822193956639303,9.821051570308516,5.836064471588631,369605.1644348347
101.20633735113336,5,12.70920836897301,15.886033990261245,2.7275989509615317,462100.45311560517
202.682089830392,7,30.479129691305786,13.186768414376978,7.473109771397321,755985.6364892465
102.53005555840285,7,17.5908875490638,12.30127931755063,3.4439540965973707,439984.67727468547
281.61910324186954,1,4.543498603000415,16.54572193458798,3.8459361030699704,878254.2250036169
174.66589504404448,7,25.623166206232582,6.398854562405242,8.604737682760913,646867.2835236274
159.2418061847437,3,24.172634478581863,10.095473599787827,5.286901169862139,488097.1880693572
107.08211099093933,1,31.37706202714778,7.398089398988024,7.0277900609642305,394284.6503312111
185.01549397044957,3,23.49594999360297,8.642721322739632,4.621357456502209,619839.4157598672
121.2181086881113,5,14.508530229542826,4.968653228372575,3.682061714743799,581235.8028699228
156.10049073226807,1,32.69678839602134,8.280119642831021,6.629302543821952,617038.3711262904
278.00422691343977,4,33.66990432678843,9.861422168773005,2.3937181667093914,929677.1097009245
145.1970050137675,6,22.332059639852076,8.142642500692247,4.356998520101767,527497.0665598557
207.46366631428378,6,20.60321914532972,9.194692484930991,2.8813333364733005,718990.3758482285
114.84117874370563,3,6.767289768948949,12.025202717185932,7.2621547024667095,613652.8305575084
148.25057547515192,7,13.924736576535238,16.193478845321998,9.497879545114968,612735.8470826262
238.5400317817755,4,27.607696419593537,16.55577934056299,9.959598712142798,938986.4922359069
118.65164711061163,1,14.427196996372993,13.807108836984963,5.052491293974317,519645.29380317044
240.62242789984646,4,5.4316213060667735,3.70009260780842,3.2727735067280004,867353.9585429652
185.38759677277378,4,54.958777896000996,8.197950072150732,4.985464333458918,746172.7436275347
121.87666120528661,7,5.365940415733114,8.628574846436992,8.625424689664515,603155.9077579845
181.62038695277604,1,42.567513964341174,6.714250846057178,2.8540511069683587,610759.7010057938
198.6277224813365,5,16.9257655540174,11.711755895148034,9.568860864876314,816718.5874613237
181.0904981108598,7,19.15437000856192,2.028357533592711,4.076791919183359,708854.8893685555
71.48876400547718,4,13.277217278124011,18.46783234764146,9.872232935052745,371810.27294179105
113.64314120875656,4,27.828371647378923,15.976103357608572,8.54747998780566,553618.1029694646
137.62406822242477,5,5.602257868899157,12.391011309508789,8.277134807326513,621739.6705534448
146.2783285449977,4,1.5967096376582788,9.689453350399077,3.8611420639595524,543858.2603824837
181.0336048775339,4,36.101715293786064,16.14419647536277,1.0789949075313652,649733.1423140845
158.88505004666268,4,11.960276011930222,13.447024683901336,4.439196179433891,566019.1287416101
83.23278206449494,6,27.460881195396844,15.533188921090463,3.716284326964243,407384.9104844573
169.00989255029816,7,9.14543923103784,9.7047395887008,1.3365729136791757,649995.2367808957
180.52928726419117,2,27.08421042894582,18.946565429320835,5.548287308553367,673368.8738344598
177.989522396552,7,36.835464987784505,15.83443937844928,4.62728180154463,606089.8281221533
204.0390362777311,5,14.728786145848836,12.547681477179657,6.7110082096737225,788105.2726051316
191.6961077274452,4,0.6655889321401887,16.279864602155776,6.590676899746748,820072.9848645418
172.95900396142184,7,36.88793913309905,7.904190290830139,2.086719723070121,509383.47460853803
146.49171442706765,6,29.262443215248915,4.162498203264867,9.792689915139603,665071.0479566632
66.95195332420043,5,15.264287662286918,11.607752565237378,2.682382864973022,337575.1705764722
171.4809109566293,3,17.82047946731354,9.714547770932656,5.007466222882341,615343.9659480971
160.38438435815556,7,8.89347803750314,9.011413288611855,5.393057890903615,681544.8427895632
163.57894185976866,3,34.2025693244196,16.081560196747017,8.317565174927081,716324.0555504734
86.16257120898453,4,14.652843921893549,10.835696066053153,1.893066364851821,324369.3890214037
95.94717297958688,6,5.8129146245252645,11.317845367677421,4.857798512876785,450563.78987529455
202.6576426666452,6,22.136458815124715,8.364737206229519,6.656519532125835,782081.5301045555
148.02224230716726,7,11.399866384214603,14.405615696397629,2.9364005946165,560376.6761756439
184.07503486863123,5,9.69985424136892,13.509378906539597,6.647211088894655,815185.4526481066
151.41591880652305,5,15.699007962380545,14.368298384471467,9.312983537946874,657908.0509865767
151.48780697478725,6,20.863553155003707,7.513680166819107,9.977663180554075,674656.6858104337
196.9141902987999,5,6.18890244085253,16.520442300234976,1.2920596911160813,690796.3614989306
124.19776358913131,6,33.85148925212324,19.193842118831867,3.1202940542020974,407136.54743503686
154.80603884704917,7,26.771597120657873,14.210191986623528,3.792764042125277,544836.2379801268
126.88623556474788,2,16.34637009227269,5.953558563778546,4.592134904004695,444980.61718490225
128.27518862838423,6,10.96656513703002,5.988988578818994,3.1803144182629066,481171.3626907653
134.54139382656803,3,19.107745470833358,8.12311522203456,2.831391950997813,457903.5016876889
161.10668858168563,5,28.99435040755722,7.178113929907395,9.5909845817575,734830.3907648424
126.06256891682614,6,27.44584027199679,9.644536871563677,9.266694424934661,578213.7880428939
212.78780627867604,6,30.585043004511782,13.162212331839239,1.4229325090280573,728759.4024783338
105.26963488902481,7,15.19622509019678,11.449762203749243,4.049317194443633,485231.52794731397
140.65641779193206,5,-9.24925179196677,11.011445281931444,4.64633698310566,520327.89104434353
128.01344708629125,2,32.47811197916247,8.793986250999271,3.1511308119934904,479768.22306758596
222.34889421768665,7,18.32803856927648,9.630770364177254,6.65985607289358,893304.5534279419
159.82773882557873,2,26.66166065471662,13.982877537645008,6.7634267197981695,512399.78240733076
201.59222697343174,7,36.69228754640302,-0.0597901374990748,8.654538054957374,844285.0310961881
75.7219813481514,5,44.34408633237682,9.943047957606343,7.667823415466961,368115.39183614985
163.35251329346295,1,13.501785218591795,11.439937974636624,5.8831599426936005,658963.1881796321
194.48153978117185,5,21.339599071656444,13.917915342736464,6.882280930399779,713713.2561379
154.1141994637712,5,33.66836460605445,4.949770303580879,3.4658990338871627,490427.5835451248
203.27401875326757,2,11.557209814770044,4.685451587734406,6.337505709706219,742274.5473314989
124.13557749498139,2,14.178884062095719,12.919774974390668,5.403045292749273,429149.9186423399
220.467372009279,5,14.11961421541125,0.4777387987154196,2.200100205847334,790106.9680658993
264.9449061809625,5,19.719096865919777,16.660945553803927,3.1828984892467367,833211.0966200671
131.85807197801705,5,17.7987631971003,11.132959957464053,3.625241056494274,491604.8930697766
127.7248739299614,2,14.062046777436755,17.793606064217187,9.318786103473021,633119.4327325088
222.66922385588504,5,10.342425843937406,4.564638117152436,3.073479754473005,822385.5276701248
228.97860728653563,5,28.119403283952916,7.818202656408798,3.6031951253770136,807104.678905005
123.85699864233658,4,33.37831020966117,-2.039341634634429,4.3241871708048905,478045.71106261486
128.99065914520713,1,34.82714794172415,6.021551185023619,6.973684647628483,529144.592450348
135.91076955697463,3,15.189264426155157,9.080765596390604,2.0641455322492646,492248.6363444984
82.77747444828614,1,28.537246722572775,0.18646209995781682,9.585506912443984,386164.1269217405
104.06740267579009,4,22.363259027277756,8.026865939008003,8.79014098085288,547349.9614184691
99.7929616623966,3,14.293286513866747,0.06329911569877922,6.194944657080551,390951.48357046524
111.61012174479359,7,27.34218218708196,8.712699075442874,7.066340806824611,548039.6384147814
148.26575563066095,5,13.833949459545032,15.735559635541183,1.149944241197944,431931.31730537536
161.71073662682605,4,16.238233972183117,9.825101249429387,4.050502978136038,681425.312751494
227.52502464070386,7,6.232702974963702,18.291036863059013,8.160942075952978,923408.0899059526
100.08229796306046,5,15.35778902566774,13.931462816973049,1.697346764131473,277816.4764942197
199.21611992382918,2,22.538612090145847,16.740739243034856,3.540824507896482,652038.1037082843
139.30055778872455,6,35.68934495677496,6.175273795608582,6.267671455008801,550076.4170903175
147.52681451737834,4,16.465045537983134,6.054291858036988,3.3077172492904765,499434.48149282916
183.7409746083302,2,9.618308529130662,11.728067081926843,9.405801767300673,744292.8806069694
93.86389892188507,4,34.97368970934125,2.111489541835705,2.1795276772386134,298128.48365957837
169.12048730920253,4,14.954475629157823,12.355718748810451,8.176549221170006,722954.9186624349
158.3226104106528,2,2.5161834385913515,8.380400917265352,5.571538227157674,627802.6070298853
174.62256320040746,3,21.33093735136784,16.649984187733285,7.752976982379604,690858.0230386298
164.4584321953909,1,16.752265267208248,13.397561270397052,3.796437954803027,549856.3547159904
272.7650069955447,5,43.003956426851715,15.483532151700636,5.630406420808349,969166.7872590735
118.1130007874342,4,24.75366034347212,6.228969593024765,8.711518147508587,586418.3560551003
123.45015224990911,5,18.536576463451638,15.24105134380864,5.20190289210794,515004.5361815314
118.84297367876178,6,10.755027907443965,17.223562471821413,4.237478757192426,404471.93735966797
122.22614404198727,2,23.301668411929676,9.806430883098296,5.825398476274625,437406.6154273918
118.13064363467412,5,34.56709950061794,6.303246903167559,7.456264777327302,513375.7602709025
209.4508265553776,2,23.118141834772604,6.391063993827952,4.992070109486525,653258.67005525
221.02521239949274,5,11.525703078820541,16.195064960079826,9.449892776280457,883218.2004111338
121.46268531252619,1,25.38806211751954,23.421728712116554,3.6545124163810785,470201.94050444633
108.38222134478856,1,19.513931051271847,5.09177464912389,5.279172455522084,485920.0039834652
173.5707778193202,1,24.48613103318162,4.707399749787199,7.812348934072973,704636.454198392
122.38884778595144,1,16.451926498157796,14.607070903372394,7.202089814461824,527457.366736531
181.64659088777555,1,16.21704725738788,6.230432353166778,8.772769471754405,823705.7664881398
160.14615104256498,1,15.822202025682202,15.09177692114135,9.97128262612998,701508.5308646596
74.2127942501384,2,29.422381514973615,12.326730867633229,4.8417249591558065,352553.37921401206
227.37526006650307,4,16.317747247589086,9.880113487510181,2.0003579180498066,667208.1599886379
239.7938836547761,5,15.40269268625773,12.206357672608439,1.2737429272717118,835486.5663755344
119.36056547578069,1,10.579340984376335,11.90099184576697,7.541892155257945,515703.2487869404
130.6149220032008,2,24.540138017167674,9.101967511069121,8.86612304177844,559254.9892983498
164.29326953624525,2,23.117018021312184,1.2181948418075272,2.986413273499768,542840.3666019518
166.72283949935124,2,15.51231775511369,10.893253642945174,2.426032334709154,517163.3540168
182.92721363364151,4,12.906212924421391,17.86530183032082,1.559845823731219,649566.3420859019
250.5102269383175,5,38.76173413227712,1.9561566839773832,8.404326295454858,945884.1581690763
141.15263862529753,4,1.1955694487516197,5.171074899305276,3.802437459033259,505568.3400397116
110.08513777307732,3,24.93172003201721,12.134134873830055,4.6152720348379885,383316.4514527323
81.03403859927364,7,32.91403548216008,10.192959313661403,5.524751724486511,400380.63329912187
113.45349800290404,2,-13.868137614882997,12.055910797921445,8.555079107885957,502331.79356610146
148.34365135631015,3,27.941400600761792,6.50340896086169,6.857498994053365,559067.3425833416
239.7278931758894,6,17.79745398503912,15.81229143296153,6.535581668720302,808170.3502963388
124.11943504819143,1,22.560548642832593,10.234502828451054,2.5810488996031964,455315.1225477702
161.18939758194492,7,16.7676203547791,13.484927611715285,5.618709025388468,630430.0078861533
149.1788551963624,1,30.75393445646077,11.601387054855481,7.438429154607897,519264.1680195305
209.4196636724042,4,23.63119341671357,10.877474839804963,9.759347947274426,821752.3339279928
276.3466212936811,7,21.317198895343157,13.13416828514065,2.81265678292017,952389.7504623451
123.45656135398397,5,11.011393930414071,10.932439769834753,1.0858901776050398,421625.17457425914
125.52802787408889,3,38.82292233834188,4.049004859522441,1.6777129023862276,424203.0606000671
202.2080438534536,5,20.09931019733271,15.436784128579824,4.382672186637813,713200.1569010965
184.09457448131556,4,42.89805797460459,14.090636431240918,8.384901829713884,653553.9875820066
242.33536628680167,1,39.27569385178195,-0.5342519567890491,1.0642787359142054,786880.6317511583
179.1964092662982,7,2.216490327346193,6.728998575621613,5.1105753359725625,613186.6834721437
132.035395460647,5,13.450540391973098,15.211802312464034,3.963075538072551,518901.5522092816
179.53274153461547,5,9.630489940250582,0.8653572676108308,1.4723353908975483,642710.1976250282
205.4351790291454,1,19.517939185129375,14.717834409503723,5.052126580053556,684520.1622927279
191.0241090598682,7,21.87164020486162,9.293887321728747,3.2927383660304694,701721.5696054681
175.36370155536488,3,22.299264678934303,16.701412851669954,4.166963509123058,589371.8497695727
203.3337344794577,1,30.541286760189788,9.994266054622681,7.350537743058637,755024.6759920727
208.46477952228364,5,34.9358276930887,6.389660035021862,5.693958855198704,811867.238947693
219.10794955187635,3,29.674877492386386,11.540428303795704,2.12182686093532,658005.983353182
182.43549437948212,3,14.390647857762533,9.848072552450068,9.652730863812751,782091.91060476
141.64409598415727,1,12.179761348925606,5.945744329296597,6.723196891387645,639007.6287312226
157.33568432166615,5,20.027618358839366,21.091717415056934,7.892815830962784,651440.247408967
210.32544832541782,4,24.261195264046613,5.144509092078426,1.7129183500753373,660232.1394865487
109.1532164506382,5,18.168086542828778,-1.2147768752989698,1.42352541514017,511829.9216505288
168.43366544364505,2,6.545151637477778,17.908494840607464,1.1750324533127305,523101.6392697775
130.33305938363196,7,26.820595085768005,7.082182638420368,2.699146249961,502525.0268397452
151.4372411467409,6,16.076852312660968,8.516133695171522,4.7296755794664564,600711.3188071443
213.92259313036493,4,15.774872655779568,8.21046967685483,9.422435200625406,872406.508940395
159.55495340099517,3,19.453873259419073,7.15174282920837,5.113536933391987,573537.3007248538
152.32182740780743,4,17.60101082919839,6.1690376436827705,3.612295948352765,560656.8823455629
82.00719295100404,7,16.334989444878985,5.015913487515178,6.05741728167697,469087.7467046777
187.31267830136102,3,7.198746930668104,10.323798808522827,2.007411203213103,594331.136228489
182.27420905705378,7,18.87752533048341,7.990062211621824,6.485553019044849,704110.1327130491
258.16273616527303,3,27.02953791906868,13.651810951669733,6.115887588974529,878209.2511148383
134.61108825234996,4,22.646440051212892,12.413470258080771,8.127937300651388,521559.9444581408
160.95751638319695,3,29.481214391006446,5.362439032372979,9.880188504553217,653550.0804040141
162.46918418553776,3,12.714549776799931,10.54260638036178,3.2578612454449947,524214.59682456567
228.8726639881737,2,7.219415208821985,7.910808379393233,5.586908057233845,802854.1067522959
145.2352233806524,5,17.541500210220033,5.041697786831672,9.179788656871033,694775.4292793086
163.95107628851696,5,13.85763381451303,13.447157852575662,8.066708959805572,748773.559219516
180.39482548582697,6,14.89665016792252,9.393373603458176,5.386656727907268,690238.6563860709
159.3304561578179,6,22.117497180811274,7.962249899147604,9.508344846533001,727979.629536422
127.67831927247359,2,14.969194608953446,5.722163817883604,1.5151302416512844,429439.4099145291
159.7044996449154,6,7.499315107936058,4.860316194633305,9.378987577413255,610981.1708767603
203.6815874929886,7,14.41005272118002,19.94384011957273,1.454566531445259,615620.7609749081
98.67423502944699,4,23.400593668608014,11.670593248149983,5.925742697032159,463394.5868806922
156.64848370734381,1,26.714806010069175,4.544354813985917,9.013968532009772,682975.1451321923
114.99395925304134,7,26.614227840833472,11.439329491614064,3.3644884920517253,493585.94069831923
209.75233144624212,1,24.244730942479094,15.310080883977689,5.250236490506427,700283.6381284794
73.84065476081126,1,18.319065340347557,10.837588062650212,3.9189599122326997,184743.52473289002
122.05390763642058,2,24.049140989591294,16.870106710665624,9.569295253687162,488791.64813825226
168.86059375322606,7,19.57664341801763,2.2859342896501644,8.412810352777818,687845.3728893924
228.27620146171702,2,21.130961378202375,0.04338976309894704,7.381013601937416,873256.7400446855
146.71248694635062,3,10.606732621340601,11.302587109268766,6.288642879535979,555784.5166343682
122.24002366534009,1,20.438749637607156,11.382480716869416,8.385326103917333,601653.5225867801
244.0578534720295,4,23.786662342514116,-6.697500891271211,4.530403373711923,934316.4649490146
77.5993049791878,6,23.411273134397085,6.8821195439899245,5.027966695954557,455013.35528451425
40.0597021689959,4,7.124809739407015,4.956688428082724,7.570015489727753,254756.3291075541
172.00072250266663,6,20.962607764033823,3.0402687964842183,4.219792869643428,669900.8784312039
124.89728878236944,1,5.561104225360866,4.944791176950946,1.5751084784353644,382120.0925908153
98.93835914346434,1,21.736766461385262,12.978939007996798,1.6690114799746432,326252.10619886254
185.41782236496766,1,12.98662808397286,4.912974893551459,2.0382652117513347,552875.307810418
162.19003568855993,2,37.05642942525445,5.084389327090792,8.827131910092966,718265.7649418486
121.79606846316358,7,21.1924332929589,1.9059734557116048,5.250037831805839,487587.2076853664
85.98478006645529,6,28.011640198239228,16.34454821257913,7.415941324102628,330388.57302987523
193.62286641400723,7,41.1087263702428,12.173161827353171,4.53618402044404,804467.2145119094
182.51005889793305,2,11.82598188911279,-2.4617810145145054,3.3283985267407106,654002.6617842253
145.04120681103086,2,24.356749109059113,5.088799603884068,4.124729508059907,464350.2984130287
242.3318498023833,5,8.140889907671538,12.64258942197463,8.147641107854653,908800.4867239883
96.49576168369236,4,23.448970082499194,16.406962744914182,6.626945125282944,396848.40366227087
73.72374145376305,4,37.657092664504034,14.204193796833284,9.438758019621119,410098.6200664316
115.40459650593777,3,13.721167855582106,8.221585448710572,7.117343007191506,539506.7293565276
147.7206991822251,2,11.14045686705404,0.3431156960348076,6.131634685792245,611998.8439301226
162.16697246613458,6,19.088257664814368,14.351244969556552,6.49176408087251,657951.6537545377
137.9381971071835,5,40.458172880882856,8.515515743397478,9.481342955215732,620701.7460358029
167.60276982571483,5,27.71038919953255,10.34431007307535,8.093808368800355,739246.3550201728
87.42302879047779,7,10.950853479439894,9.112897808957516,1.2163711362979404,241178.82472739124
222.18823020366295,4,34.550605824817694,3.2223525021186603,5.807257265221275,763154.3695868057
145.89244108037155,2,3.4493700766681314,11.821251061114946,7.195045703919083,533188.5340266814
205.8647915794064,3,41.36559128802725,11.132295155567235,7.738286305952395,815291.7511300471
167.13626731888522,2,28.56450680015159,7.871055785426008,2.9182790738254303,516730.9155710259
172.8376609576892,7,37.635574400067185,12.355528999312435,8.80459619006217,662956.0563607863
178.4883640116102,1,3.5220189161596487,3.13000226288347,9.602588324576473,758527.2229798017
172.38542800086574,2,21.694418308596862,8.654986120584455,3.130437752603828,530497.9716740125
182.1361379933772,7,18.66111073434284,10.130637364678945,8.943539117655213,753216.3607936281
216.45762650662158,1,9.930205265533589,1.3253618393246889,1.8728088626448585,808933.1064250929
159.8260584850735,1,7.039763797486078,9.714516945819733,1.5013615250372068,540770.6763386657
185.4501878794256,3,25.070812587595487,13.66822573340648,2.1630142009247444,586021.0723921306
145.51321528563867,6,25.977317081136242,8.483845379785661,1.519669715203324,495162.20725352666
222.00586077247362,4,32.999740467257524,9.829425487428278,8.605110134401983,892250.1558517629
116.18038489703652,2,14.965789466731692,12.811720196170835,1.5314513001244476,405613.2271712079
240.04702164554078,1,18.5839018984419,8.060999455668636,3.4449777222728994,781437.1437219033
147.99210246778284,2,6.175400750539081,8.511013002278556,1.9338070918227075,491976.2264730865
78.46124489409759,6,35.40785811994749,4.116482427337664,3.6587983268238844,270688.6244958916
156.40522074553945,4,20.695480877572432,9.925316113396175,1.8150352084082844,435780.1242924567
115.94741712625596,6,27.225885016201055,8.325757581976099,7.012029256687127,513140.14384277054
192.0321774494362,4,27.57905396111012,12.495448975266612,2.1999413470831763,595898.39957921
117.36880103488045,5,34.59107157301978,12.817299770916195,8.666613332549991,568221.1360297751
127.69082833926102,4,11.686005327325466,13.956045195064405,8.354719456539769,573248.7908826005
55.522963452723445,3,26.975866003471783,7.458698245524346,1.1229551692354849,155713.29369813867
127.38468403754617,6,19.749912936909585,-0.8829054281205799,9.061537199636032,622994.1207539032
28.80603366855216,1,41.05677066340631,13.708198732323872,1.2604988506903037,59625.75531152745
70.80485882571384,5,11.656358210039832,12.155604820487046,3.1568120646180096,404819.30033445265
188.02073280721487,3,31.714263477638724,6.82354197656955,1.2915022399839555,613111.9134657979
189.2900079325416,2,23.50341779228397,12.774700997836685,4.022591383353844,559377.7417201584
171.27287808924825,6,22.978560942060213,2.7570509874187916,5.624798731419444,761715.5069549545
101.65119284353935,7,20.540207260474897,15.151201064351376,8.169803821136242,473695.29952871584
147.614432192901,7,33.466658228367876,8.33187724102975,4.041833954228525,515711.98114853655
149.81987304547158,1,22.638517010739346,5.855361934975523,7.349410222058051,693529.8547969188
92.08176554037286,4,4.75584661879023,6.891492218805562,2.6875401140708233,374572.7701547098
225.16991508835753,1,32.19503568712245,8.842575069998938,7.755386110697137,846294.38739073
193.86811452878356,7,30.36201832131722,9.939939633502684,3.123969453183138,720645.8198327083
138.95179130851682,2,25.871376842128477,10.241401401997035,2.2919028034939113,444096.1536594787
151.34429194972654,5,8.715263702524535,7.85196278020938,2.668679653366489,512650.6293856171
160.41914039737762,5,10.268846397786797,11.001197867307395,2.6385681599366984,541929.6916441253
47.913256578785465,6,1.2255711476389095,10.041396371667169,5.61576591439292,380823.5218550962
137.64113087397016,5,24.603298731798137,6.762135022128005,8.603178230693315,622731.4829970261
115.90078760011008,6,6.5045115182563045,6.00904687789368,1.7164456929325507,495411.2025688194
99.91899950525422,6,2.8124910713783535,13.041827714474188,7.362606866440804,482217.8923757534
135.94498535570224,6,32.74989119300044,12.621630179989527,6.889118136875719,532540.7490709493
239.88432634247613,7,27.68179564462847,10.285681775806317,8.85267956646426,865326.3261772871
182.0421430633505,7,16.66828335169073,14.620977329951007,3.1973280445621652,682207.5416682248
121.44105051086015,4,18.659534167428045,0.1933617191618282,5.050988728165267,580428.0203540277
178.62913906780793,3,-4.073442069839423,7.1780267924664845,9.332446369991656,699507.3750371519
